"","Sample","lib","aligned_reads","ambig_reads","discarded_reads","meth_chg","meth_chh","meth_cpg","no_alignments","percent_aligned","percent_chg_meth","percent_chh_meth","percent_cpg_meth","strand_ctob","strand_ctot","strand_directional","strand_ob","strand_ot","total_c","total_reads","unmeth_chg","unmeth_chh","unmeth_cpg","Filename","File type","Encoding","Total Sequences","Sequences flagged as poor quality","Sequence length","%GC","total_deduplicated_percentage","avg_sequence_length","median_sequence_length","basic_statistics","per_base_sequence_quality","per_tile_sequence_quality","per_sequence_quality_scores","per_base_sequence_content","per_sequence_gc_content","per_base_n_content","sequence_length_distribution","sequence_duplication_levels","overrepresented_sequences","adapter_content","sample_id"
"1","110","lib1",3443811,270469,1349,3912271,1236826,12351426,3917946,45.1219735893565,6.7,1.1,27.2,0,0,"directional",1743084,1699378,214717058,7632226,54191620,110032852,32992063,"110_trimmed_filt_merged.1.fq.gz","Conventional base calls","Sanger / Illumina 1.9",7632226,0,"20-141",33,31.0643221209754,113.468772806256,137,"pass","pass","pass","pass","fail","pass","pass","warn","fail","fail","pass","lib1_110"
"2","111","lib1",2513227,183624,1192,2742852,596998,9016562,2642099,47.0734320418809,6.5,0.7,28,0,0,"directional",1264418,1247617,155320333,5338950,39696179,80086767,23180975,"111_trimmed_filt_merged.1.fq.gz","Conventional base calls","Sanger / Illumina 1.9",5338950,0,"20-141",33,34.2133012162049,112.286550726266,137,"pass","pass","pass","pass","fail","pass","pass","warn","fail","warn","pass","lib1_111"
"3","113","lib1",3847299,267809,1654,4191366,889227,15422838,3562054,50.1135575880775,6.3,0.7,34.1,0,0,"directional",1929254,1916391,240158917,7677162,62472040,127381468,29801978,"113_trimmed_filt_merged.1.fq.gz","Conventional base calls","Sanger / Illumina 1.9",7677162,0,"20-141",32,31.7718766525123,114.702043541611,137,"pass","pass","pass","pass","fail","pass","pass","warn","fail","warn","pass","lib1_113"
"4","114","lib1",3873272,290393,1557,4221400,822123,15869720,3720298,49.1284903290388,6.2,0.6,32.5,0,0,"directional",1939100,1932615,245764325,7883963,63442012,128426183,32982887,"114_trimmed_filt_merged.1.fq.gz","Conventional base calls","Sanger / Illumina 1.9",7883963,0,"20-141",32,30.8791694138078,116.349840429236,137,"pass","pass","pass","pass","fail","warn","pass","warn","fail","warn","pass","lib1_114"
"5","131","lib1",1243382,108504,468,1360013,307444,4572607,1396290,45.2438999540059,6.8,0.8,29.8,0,0,"directional",625644,617270,73353839,2748176,18637886,37703991,10771898,"131_trimmed_filt_merged.1.fq.gz","Conventional base calls","Sanger / Illumina 1.9",2748176,0,"20-141",33,45.8830750392872,108.89375098247,137,"pass","pass","pass","pass","fail","pass","pass","warn","fail","fail","pass","lib1_131"
"6","132","lib1",2727282,224385,1206,3048731,806838,10637148,3161725,44.6116002376422,6.5,0.9,28.9,0,0,"directional",1370757,1355319,171542347,6113392,43666196,87172089,26211345,"132_trimmed_filt_merged.1.fq.gz","Conventional base calls","Sanger / Illumina 1.9",6113392,0,"20-141",33,32.4037784516589,113.803658100119,137,"pass","pass","pass","pass","fail","pass","pass","warn","fail","fail","pass","lib1_132"
"7","164","lib1",1439190,93153,578,1596352,387598,5954360,1654658,45.1581282842396,6.1,0.8,28.9,0,0,"directional",725333,713279,97022703,3187001,24765416,49704225,14614752,"164_trimmed_filt_merged.1.fq.gz","Conventional base calls","Sanger / Illumina 1.9",3187001,0,"20-141",33,35.5520378066246,121.471532013953,137,"pass","pass","pass","pass","fail","pass","pass","warn","fail","fail","pass","lib1_164"
"8","165","lib1",968199,64815,456,1136516,363013,3553112,1082583,45.7648124855537,7.1,1.2,27.1,0,0,"directional",484928,482815,58939425,2115597,14873861,29439046,9573877,"165_trimmed_filt_merged.1.fq.gz","Conventional base calls","Sanger / Illumina 1.9",2115597,0,"20-141",33,47.558939008693,109.140790046498,137,"pass","pass","pass","pass","fail","pass","pass","warn","fail","warn","pass","lib1_165"
"9","166","lib1",2845854,167252,1110,3198905,803226,10390318,2957972,47.6606401725116,6.6,0.9,26.3,0,0,"directional",1428286,1416458,179212423,5971078,45435822,90302728,29081424,"166_trimmed_filt_merged.1.fq.gz","Conventional base calls","Sanger / Illumina 1.9",5971078,0,"20-141",33,34.9523046944609,112.45258226404,137,"pass","pass","pass","pass","fail","pass","pass","warn","fail","warn","pass","lib1_166"
"10","192","lib1",6250040,313966,2530,7008913,1885716,23537445,6625497,47.3864708928001,6.1,0.9,25.6,0,0,"directional",3149092,3098418,424408776,13189503,107924392,215792843,68259467,"192_trimmed_filt_merged.1.fq.gz","Conventional base calls","Sanger / Illumina 1.9",13189503,0,"20-141",33,27.3885143939653,120.180157963496,137,"pass","pass","pass","pass","fail","pass","pass","warn","fail","warn","pass","lib1_192"
"11","193","lib1",3802800,274255,1523,4248931,1248828,15658940,4019599,46.9675498051417,6.2,0.9,32.9,0,0,"directional",1919675,1881602,251686161,8096654,63961843,134641831,31925788,"193_trimmed_filt_merged.1.fq.gz","Conventional base calls","Sanger / Illumina 1.9",8096654,0,"20-141",32,30.1804793974554,121.201412336503,137,"pass","pass","pass","pass","fail","warn","pass","warn","fail","fail","pass","lib1_193"
"12","194","lib1",708361,44744,237,794501,236313,2757958,815743,45.1516654258411,6.4,1,28.8,0,0,"directional",360440,347684,46163504,1568848,11580466,23972843,6821423,"194_trimmed_filt_merged.1.fq.gz","Conventional base calls","Sanger / Illumina 1.9",1568848,0,"20-141",32,42.5609796628971,118.51031329995,137,"pass","pass","pass","pass","fail","fail","pass","warn","fail","fail","pass","lib1_194"
"13","195","lib1",2420678,166986,914,2713973,887123,9492516,2689847,45.8677963911397,6.3,1,29.8,0,0,"directional",1231987,1187777,159819474,5277511,40316206,84008284,22401372,"195_trimmed_filt_merged.1.fq.gz","Conventional base calls","Sanger / Illumina 1.9",5277511,0,"20-141",32,32.7396145642109,119.686469246582,137,"pass","pass","pass","pass","fail","warn","pass","warn","fail","fail","pass","lib1_195"
"14","196","lib1",7880550,411702,3222,8896182,2432721,34133759,8176030,47.852896859551,5.9,0.8,30.9,0,0,"directional",3954536,3922792,551099888,16468282,142193035,287119982,76324209,"196_trimmed_filt_merged.1.fq.gz","Conventional base calls","Sanger / Illumina 1.9",16468282,0,"20-141",33,25.6434573384305,124.859150213726,137,"pass","pass","pass","pass","fail","pass","pass","warn","fail","warn","pass","lib1_196"
"15","197","lib1",4246978,275726,2157,4794598,1276238,18477339,5029716,44.4597075924216,6.1,0.9,30.4,0,0,"directional",2130260,2114561,288386138,9552420,73708661,147839762,42289540,"197_trimmed_filt_merged.1.fq.gz","Conventional base calls","Sanger / Illumina 1.9",9552420,0,"20-141",33,29.7808729540317,120.699980214438,137,"pass","pass","pass","pass","fail","warn","pass","warn","fail","fail","pass","lib1_197"
"16","213","lib1",1919954,100798,918,2187976,586413,8013289,2238416,45.0781467178566,5.9,0.8,27.4,0,0,"directional",960153,958883,136029709,4259168,34601670,69365126,21275235,"213_trimmed_filt_merged.1.fq.gz","Conventional base calls","Sanger / Illumina 1.9",4259168,0,"20-141",33,35.509351121471,124.266806568795,137,"pass","pass","pass","pass","fail","pass","pass","warn","fail","warn","pass","lib1_213"
"17","214","lib1",6344536,281515,3501,7323023,2087239,28534827,8219637,42.7365575782005,5.6,0.9,25.1,0,0,"directional",3184020,3157015,482789597,14845688,123223463,236643586,84977459,"214_trimmed_filt_merged.1.fq.gz","Conventional base calls","Sanger / Illumina 1.9",14845688,0,"20-141",34,24.6215827910358,128.270860535396,137,"pass","pass","pass","pass","fail","pass","pass","warn","fail","warn","pass","lib1_214"
"18","215","lib1",2310779,145363,1097,2657237,797492,10193784,2784694,44.0918013843593,5.9,0.9,30.6,0,0,"directional",1160593,1149089,164286257,5240836,42061556,85442949,23133239,"215_trimmed_filt_merged.1.fq.gz","Conventional base calls","Sanger / Illumina 1.9",5240836,0,"20-141",33,37.2941796932312,126.428632378498,137,"pass","pass","pass","pass","fail","pass","pass","warn","fail","warn","pass","lib1_215"
"19","216","lib1",650908,34230,294,752502,236492,2836282,737755,45.7453933640829,5.9,1,29.4,0,0,"directional",327912,322702,47000527,1422893,11957061,24391090,6827100,"216_trimmed_filt_merged.1.fq.gz","Conventional base calls","Sanger / Illumina 1.9",1422893,0,"20-141",33,43.529206206134,127.518788130942,137,"pass","pass","pass","pass","fail","pass","pass","warn","fail","fail","pass","lib1_216"
"20","217","lib1",1868211,101213,823,2120035,567593,7642943,1987625,47.2122281023055,6,0.8,28.6,0,0,"directional",936468,930920,129459402,3957049,32937311,67072865,19118655,"217_trimmed_filt_merged.1.fq.gz","Conventional base calls","Sanger / Illumina 1.9",3957049,0,"20-141",33,35.7077745453296,122.790971251556,137,"pass","pass","pass","pass","fail","warn","pass","warn","fail","warn","pass","lib1_217"
"21","218","lib1",2636452,154536,1424,3007067,814253,12506940,3183477,44.1286709353892,5.9,0.8,31,0,0,"directional",1319855,1315173,188181969,5974465,48330755,95700148,27822806,"218_trimmed_filt_merged.1.fq.gz","Conventional base calls","Sanger / Illumina 1.9",5974465,0,"20-141",34,32.9475163468724,123.703982197569,137,"pass","pass","pass","pass","fail","pass","pass","warn","fail","warn","pass","lib1_218"
"22","71","lib1",1464416,98600,511,1600745,354918,5276293,1349567,50.2789448403702,6.4,0.7,30.5,0,0,"directional",733218,730687,91313600,2912583,23433824,48621738,12026082,"71_trimmed_filt_merged.1.fq.gz","Conventional base calls","Sanger / Illumina 1.9",2912583,0,"20-141",32,39.2984584202927,115.853351131968,137,"pass","pass","pass","pass","fail","pass","pass","warn","fail","warn","pass","lib1_71"
"23","115","lib2",886235,100447,366,1018040,225531,3131727,842004,48.4629400564121,9,1.3,27.6,0,0,"directional",442589,443280,39678518,1828686,10283584,16819121,8200515,"115_trimmed_filt_merged.1.fq.gz","Conventional base calls","Sanger / Illumina 1.9",1828686,0,"20-141",39,60.0992197741225,76.6019272854935,62,"pass","pass","warn","pass","fail","pass","pass","warn","warn","warn","pass","lib2_115"
"24","116","lib2",97337,10182,43,115276,32744,421146,112132,44.314389645392,7.5,1.3,29.7,0,0,"directional",48654,48640,5375982,219651,1416570,2394318,995928,"116_trimmed_filt_merged.1.fq.gz","Conventional base calls","Sanger / Illumina 1.9",219651,0,"20-141",38,49.435444388674,98.2227852365799,117,"pass","pass","fail","pass","fail","fail","pass","warn","fail","fail","pass","lib2_116"
"25","151","lib2",6334268,414089,2564,7426287,2304770,24330342,5355759,52.3315209470894,6.6,1.1,29.3,0,0,"directional",3171577,3160127,402283006,12104116,104260359,205184331,58776917,"151_trimmed_filt_merged.1.fq.gz","Conventional base calls","Sanger / Illumina 1.9",12104116,0,"20-141",33,25.5317258158138,114.182285182991,137,"pass","pass","pass","pass","fail","pass","pass","warn","fail","warn","pass","lib2_151"
"26","152","lib2",1777899,155333,724,2048881,616875,5556934,1543969,51.1301762538317,7.6,1.3,25.6,0,0,"directional",894428,882747,97029284,3477201,24795410,47850277,16160907,"152_trimmed_filt_merged.1.fq.gz","Conventional base calls","Sanger / Illumina 1.9",3477201,0,"20-141",34,38.6577501227418,97.3856918251203,117,"pass","pass","pass","pass","fail","pass","pass","warn","fail","warn","pass","lib2_152"
"27","1","lib2",5739792,474246,2727,6650100,1980604,19274976,6101373,46.6065809740333,7.3,1.2,24.5,0,0,"directional",2886585,2850480,331983667,12315411,84680953,160128189,59268845,"1_trimmed_filt_merged.1.fq.gz","Conventional base calls","Sanger / Illumina 1.9",12315411,0,"20-141",35,28.6489898257439,100.54364738619,127,"pass","pass","pass","pass","fail","warn","pass","warn","fail","warn","pass","lib2_1"
"28","243","lib2",59833,7127,11,70534,18622,235635,60060,47.105180286569,8.3,1.4,29.9,0,0,"directional",29491,30331,2985474,127020,779576,1328693,552414,"243_trimmed_filt_merged.1.fq.gz","Conventional base calls","Sanger / Illumina 1.9",127020,0,"20-141",38,52.4137931034483,90.6974649661471,97,"pass","pass","fail","pass","fail","fail","pass","warn","warn","fail","pass","lib2_243"
"29","244","lib2",1727513,165625,942,1997706,481273,5575297,1791316,46.8865400409396,7.7,1.2,22,0,0,"directional",861285,865286,90775766,3684454,24018905,38898485,19804100,"244_trimmed_filt_merged.1.fq.gz","Conventional base calls","Sanger / Illumina 1.9",3684454,0,"20-141",38,39.8885508058306,90.3177051470856,92,"pass","pass","pass","pass","fail","warn","pass","warn","fail","fail","pass","lib2_244"
"30","245","lib2",2265851,214251,1254,2656295,692751,7444210,2532424,45.2037755016134,7.6,1.3,21.6,0,0,"directional",1131283,1133314,122501737,5012526,32240007,52404692,27063782,"245_trimmed_filt_merged.1.fq.gz","Conventional base calls","Sanger / Illumina 1.9",5012526,0,"20-141",38,35.9222041734791,93.3484416838935,102,"pass","pass","pass","pass","fail","pass","pass","warn","fail","fail","pass","lib2_245"
"31","246","lib2",1294367,125684,549,1496530,376501,4064223,1289632,47.7682075726201,7.5,1.2,22,0,0,"directional",647752,646066,70153961,2709683,18582075,31195855,14438777,"246_trimmed_filt_merged.1.fq.gz","Conventional base calls","Sanger / Illumina 1.9",2709683,0,"20-141",37,38.8558110076141,96.7063737713969,117,"pass","pass","pass","pass","fail","pass","pass","warn","fail","fail","pass","lib2_246"
"32","247","lib2",2287317,232926,1147,2635981,649458,8334080,2168935,48.7786345495948,7.3,1.1,26.3,0,0,"directional",1139713,1146457,125597293,4689178,33694754,56927671,23355349,"247_trimmed_filt_merged.1.fq.gz","Conventional base calls","Sanger / Illumina 1.9",4689178,0,"20-141",37,34.2303475322449,98.1640014518536,117,"pass","pass","pass","pass","fail","pass","pass","warn","fail","fail","pass","lib2_247"
"33","261","lib2",2397846,184422,1000,2774317,666152,9313903,2386957,48.2539228954213,7,1.1,24.8,0,0,"directional",1199206,1197640,138356857,4969225,36580592,60810747,28211146,"261_trimmed_filt_merged.1.fq.gz","Conventional base calls","Sanger / Illumina 1.9",4969225,0,"20-141",38,33.1961993730124,100.847312609109,117,"pass","pass","pass","pass","fail","pass","pass","warn","fail","fail","pass","lib2_261"
"34","262","lib2",6642290,458378,3340,7828656,2423879,25659197,7377657,45.8774754676387,7,1.3,25.4,0,0,"directional",3333207,3305743,405716838,14478325,104075439,190541151,75188516,"262_trimmed_filt_merged.1.fq.gz","Conventional base calls","Sanger / Illumina 1.9",14478325,0,"20-141",35,28.1036341352919,106.947705760162,117,"pass","pass","pass","pass","fail","pass","pass","warn","fail","fail","pass","lib2_262"
"35","326","lib2",878632,71467,383,1035298,337574,3441794,860412,48.529503548998,6.9,1.2,29.4,0,0,"directional",440885,437364,53806716,1810511,13894253,26837030,8260767,"326_trimmed_filt_merged.1.fq.gz","Conventional base calls","Sanger / Illumina 1.9",1810511,0,"20-141",34,44.3421333919959,111.275162647451,137,"pass","pass","pass","pass","fail","pass","pass","warn","fail","fail","pass","lib2_326"
"36","327","lib2",1759678,128877,717,2043603,567917,6649392,1726021,48.6828330625777,7,1.1,26.3,0,0,"directional",881304,877657,105403783,3614576,27071530,50398393,18672948,"327_trimmed_filt_merged.1.fq.gz","Conventional base calls","Sanger / Illumina 1.9",3614576,0,"20-141",35,36.1084361594289,105.1227222778,137,"pass","pass","pass","pass","fail","pass","pass","warn","fail","warn","pass","lib2_327"
"37","359","lib2",2545974,209375,1228,2965243,870289,10196095,3093844,43.5269275607763,6.9,1.2,26.3,0,0,"directional",1278890,1265856,156168402,5849193,39838992,73764494,28533289,"359_trimmed_filt_merged.1.fq.gz","Conventional base calls","Sanger / Illumina 1.9",5849193,0,"20-141",36,32.0543616945237,107.76055876426,127,"pass","pass","pass","pass","fail","fail","pass","warn","fail","fail","pass","lib2_359"
"38","360","lib2",3052003,265875,1430,3559741,1000860,12068195,3150032,47.1868501571605,7.4,1.2,28.3,0,0,"directional",1527327,1523246,173582515,6467910,44644551,81726282,30582886,"360_trimmed_filt_merged.1.fq.gz","Conventional base calls","Sanger / Illumina 1.9",6467910,0,"20-141",36,33.8966473065146,98.569913619701,117,"pass","pass","pass","pass","fail","pass","pass","warn","fail","warn","pass","lib2_360"
"39","361","lib2",3328752,243264,1568,3886612,1127917,13509948,3459264,47.3420486739257,6.8,1.1,27.7,0,0,"directional",1665548,1661636,208279404,7031280,53584197,100890354,35280376,"361_trimmed_filt_merged.1.fq.gz","Conventional base calls","Sanger / Illumina 1.9",7031280,0,"20-141",35,29.38190025695,110.757779949028,137,"pass","pass","pass","pass","fail","warn","pass","warn","fail","warn","pass","lib2_361"
"40","53","lib2",4769120,401230,2028,5577749,1727376,17729734,5257181,45.7358506054789,7.3,1.3,27,0,0,"directional",2394736,2372356,278852074,10427531,71134778,134833252,47849185,"53_trimmed_filt_merged.1.fq.gz","Conventional base calls","Sanger / Illumina 1.9",10427531,0,"20-141",35,35.1933659703709,103.355732147907,132,"pass","pass","pass","pass","fail","pass","pass","warn","fail","fail","pass","lib2_53"
"41","54","lib2",5166864,320225,2046,6052844,1759671,21265998,4751707,50.4635896642535,7,1.1,29.7,0,0,"directional",2585251,2579567,313048025,10238796,80764583,152918890,50286039,"54_trimmed_filt_merged.1.fq.gz","Conventional base calls","Sanger / Illumina 1.9",10238796,0,"20-141",35,29.3708198680041,105.944464173327,137,"pass","pass","pass","pass","fail","pass","pass","warn","fail","warn","pass","lib2_54"
"42","7","lib2",5271792,403360,1670,6130006,1846150,19147234,3896370,55.0778862546625,6.9,1.1,30.1,0,0,"directional",2641945,2628177,319147159,9571522,82691042,164879919,44452808,"7_trimmed_filt_merged.1.fq.gz","Conventional base calls","Sanger / Illumina 1.9",9571522,0,"20-141",33,27.0134064759854,110.535886664629,137,"pass","pass","pass","pass","fail","pass","pass","warn","fail","warn","pass","lib2_7"
"43","8","lib2",2977129,276319,1276,3502671,1166250,11590422,3023246,47.4314822420848,7.1,1.3,29.8,0,0,"directional",1496823,1479030,180351128,6276694,45960100,90835813,27295872,"8_trimmed_filt_merged.1.fq.gz","Conventional base calls","Sanger / Illumina 1.9",6276694,0,"20-141",34,29.4533211713975,108.93213831995,137,"pass","pass","pass","pass","fail","pass","pass","warn","fail","fail","pass","lib2_8"
"44","9","lib2",7757910,524275,3509,9077973,2635610,31972181,7085230,50.4828560951858,6.9,1.1,30.5,0,0,"directional",3873810,3880591,471164344,15367415,122270687,232486066,72721827,"9_trimmed_filt_merged.1.fq.gz","Conventional base calls","Sanger / Illumina 1.9",15367415,0,"20-141",35,26.842240473672,106.273122252506,137,"pass","pass","pass","pass","fail","pass","pass","warn","fail","warn","pass","lib2_9"
"45","117","lib3",3638771,316234,1568,4191066,1032581,13461201,3373401,49.652966825255,7.4,1.1,26.5,0,0,"directional",1819006,1818197,201763132,7328406,52730934,93064866,37282484,"117_trimmed_filt_merged.1.fq.gz","Conventional base calls","Sanger / Illumina 1.9",7328406,0,"20-141",36,31.2308572058779,97.9515126481802,117,"pass","pass","fail","pass","fail","pass","pass","warn","fail","warn","pass","lib3_117"
"46","118","lib3",438682,40428,197,513772,137692,1633300,398168,50.0049015249442,7.5,1.2,27.7,0,0,"directional",219806,218679,24474786,877278,6367981,11564712,4257329,"118_trimmed_filt_merged.1.fq.gz","Conventional base calls","Sanger / Illumina 1.9",877278,0,"20-141",36,53.6457152441939,100.399677183287,117,"pass","pass","fail","pass","fail","warn","pass","warn","warn","fail","pass","lib3_118"
"47","190","lib3",2875416,220109,1647,3545535,1606054,12568039,3822228,41.5657511911744,7,1.8,28.9,0,0,"directional",1467198,1406571,185466585,6917753,46862084,89992983,30891890,"190_trimmed_filt_merged.1.fq.gz","Conventional base calls","Sanger / Illumina 1.9",6917753,0,"20-141",35,28.7557311662078,112.849596538067,127,"pass","pass","warn","pass","fail","fail","pass","warn","fail","fail","pass","lib3_190"
"48","191","lib3",3694421,362610,1563,4206781,1217812,13285689,3909939,46.3717197378677,7.3,1.2,27.1,0,0,"directional",1863208,1829650,210677575,7966970,53772548,102482568,35712177,"191_trimmed_filt_merged.1.fq.gz","Conventional base calls","Sanger / Illumina 1.9",7966970,0,"20-141",35,30.3681592403186,100.398179483543,117,"pass","pass","warn","pass","fail","warn","pass","warn","fail","fail","pass","lib3_191"
"49","198","lib3",7284859,463675,3099,8348484,2482484,25695346,8001933,46.2517016162124,6.8,1.1,23.4,0,0,"directional",3677398,3604362,448248149,15750467,114245197,213451317,84025321,"198_trimmed_filt_merged.1.fq.gz","Conventional base calls","Sanger / Illumina 1.9",15750467,0,"20-141",35,25.9214183651004,107.288003650939,127,"pass","pass","warn","pass","fail","warn","pass","warn","fail","fail","pass","lib3_198"
"50","199","lib3",1824338,157128,858,2106594,764001,7522541,1961242,46.2711922871285,6.9,1.3,32.5,0,0,"directional",926662,896818,111283360,3942708,28321577,56919271,15649376,"199_trimmed_filt_merged.1.fq.gz","Conventional base calls","Sanger / Illumina 1.9",3942708,0,"20-141",34,33.9833327147783,110.395422384818,137,"pass","pass","warn","pass","fail","warn","pass","warn","fail","fail","pass","lib3_199"
"51","200","lib3",3015009,258106,1595,3548373,1086168,12033398,3645649,43.577277675608,7.3,1.3,27,0,0,"directional",1512831,1500583,175648914,6918764,44762256,81719195,32499524,"200_trimmed_filt_merged.1.fq.gz","Conventional base calls","Sanger / Illumina 1.9",6918764,0,"20-141",36,32.9928145511212,100.283934673881,117,"pass","pass","warn","pass","fail","pass","pass","warn","fail","fail","pass","lib3_200"
"52","201","lib3",4367768,356525,1863,5019808,1479290,16170696,4377066,47.9902836488485,7.1,1.2,27.7,0,0,"directional",2187688,2178217,254776388,9101359,65229217,124596991,42280386,"201_trimmed_filt_merged.1.fq.gz","Conventional base calls","Sanger / Illumina 1.9",9101359,0,"20-141",34,29.2670122992143,103.460077885072,137,"pass","pass","warn","pass","fail","pass","pass","warn","fail","fail","pass","lib3_201"
"53","202","lib3",2295520,242354,1145,2649129,760397,8550339,2594067,44.7300543790351,7.6,1.2,27.9,0,0,"directional",1152780,1141595,127345724,5131941,32358047,60969483,22058329,"202_trimmed_filt_merged.1.fq.gz","Conventional base calls","Sanger / Illumina 1.9",5131941,0,"20-141",35,37.7741832234618,97.9606474431409,117,"pass","pass","warn","pass","fail","pass","pass","warn","fail","fail","pass","lib3_202"
"54","264","lib3",1270313,103360,593,1477875,431820,4801206,1242312,48.5596438817501,7.5,1.2,29.3,0,0,"directional",636331,633389,71684095,2615985,18256179,35123892,11593123,"264_trimmed_filt_merged.1.fq.gz","Conventional base calls","Sanger / Illumina 1.9",2615985,0,"20-141",35,42.3358955947628,99.7722238468493,122,"pass","pass","fail","pass","fail","pass","pass","warn","fail","warn","pass","lib3_264"
"55","265","lib3",2656987,192375,1209,3098987,892044,11168595,2725857,47.6570875511796,6.7,1.1,30,0,0,"directional",1329908,1325870,166549977,5575219,43106992,82228197,26055162,"265_trimmed_filt_merged.1.fq.gz","Conventional base calls","Sanger / Illumina 1.9",5575219,0,"20-141",35,30.0911217381055,111.964470633351,137,"pass","pass","fail","pass","fail","pass","pass","warn","fail","fail","pass","lib3_265"
"56","266","lib3",5323694,372075,2787,6212854,1778689,21766466,5892602,45.9399686116366,6.7,1.1,26.7,0,0,"directional",2666327,2654580,337687706,11588371,86733875,161404200,59791622,"266_trimmed_filt_merged.1.fq.gz","Conventional base calls","Sanger / Illumina 1.9",11588371,0,"20-141",35,25.8023137952171,111.195210612432,137,"pass","pass","fail","pass","fail","warn","pass","warn","fail","fail","pass","lib3_266"
"57","267","lib3",1349671,99144,527,1560839,448284,5508135,1393191,47.490082709185,6.7,1.1,29.1,0,0,"directional",676758,672386,84067042,2842006,21598096,41530814,13420874,"267_trimmed_filt_merged.1.fq.gz","Conventional base calls","Sanger / Illumina 1.9",2842006,0,"20-141",35,35.3554379569634,111.715137828703,137,"pass","pass","fail","pass","fail","warn","pass","warn","fail","fail","pass","lib3_267"
"58","268","lib3",2810511,209989,1426,3239242,967828,10343024,2953700,47.0441398011449,6.6,1.1,26.5,0,0,"directional",1413967,1395118,176578642,5974200,45494007,87850824,28683717,"268_trimmed_filt_merged.1.fq.gz","Conventional base calls","Sanger / Illumina 1.9",5974200,0,"20-141",34,28.4855949148004,112.555401727428,137,"pass","pass","warn","pass","fail","warn","pass","warn","fail","fail","pass","lib3_268"
"59","324","lib3",2158532,161057,949,2509723,750547,7038915,2087435,48.9793565907515,7,1.2,23.6,0,0,"directional",1083548,1074035,130274211,4407024,33572965,63578781,22823280,"324_trimmed_filt_merged.1.fq.gz","Conventional base calls","Sanger / Illumina 1.9",4407024,0,"20-141",34,32.5329575051531,107.155230831509,137,"pass","pass","warn","pass","fail","warn","pass","warn","fail","fail","pass","lib3_324"
"60","325","lib3",4105333,297467,1796,4744776,1382174,13901367,4068470,48.4618363008144,6.8,1.1,24.2,0,0,"directional",2059610,2043927,254032299,8471270,65482780,124930437,43590765,"325_trimmed_filt_merged.1.fq.gz","Conventional base calls","Sanger / Illumina 1.9",8471270,0,"20-141",34,27.0977396170896,110.661090485842,137,"pass","pass","warn","pass","fail","warn","pass","warn","fail","warn","pass","lib3_325"
"61","336","lib3",2055820,175202,905,2368835,724541,7876725,2075261,47.7400115134096,6.8,1.1,29.5,0,0,"directional",1033394,1021521,125491320,4306283,32434645,63294467,18792107,"336_trimmed_filt_merged.1.fq.gz","Conventional base calls","Sanger / Illumina 1.9",4306283,0,"20-141",34,32.0895360377504,110.25118599962,137,"pass","pass","warn","pass","fail","warn","pass","warn","fail","fail","pass","lib3_336"
"62","337","lib3",2176895,200040,1122,2496236,663029,9949995,2650671,43.2988384531326,7,1.1,32.8,0,0,"directional",1091466,1084307,128948744,5027606,33396625,62024969,20417890,"337_trimmed_filt_merged.1.fq.gz","Conventional base calls","Sanger / Illumina 1.9",5027606,0,"20-141",36,33.7612261970492,103.891440379377,117,"pass","pass","warn","pass","fail","fail","pass","warn","fail","fail","pass","lib3_337"
"63","338","lib3",4262076,363322,2018,4899382,1268653,16685163,4229367,48.1331350973177,6.9,1.1,27.5,0,0,"directional",2132586,2127472,251304742,8854765,66426646,118089546,43935352,"338_trimmed_filt_merged.1.fq.gz","Conventional base calls","Sanger / Illumina 1.9",8854765,0,"20-141",36,27.6415632308164,104.20141517025,137,"pass","pass","warn","pass","fail","warn","pass","warn","fail","warn","pass","lib3_338"
"64","339","lib3",2003729,195663,1008,2324400,596840,8459519,2196613,45.5806806407181,7.1,1.1,29.9,0,0,"directional",1000910,1001811,115323301,4396005,30448019,53653757,19840766,"339_trimmed_filt_merged.1.fq.gz","Conventional base calls","Sanger / Illumina 1.9",4396005,0,"20-141",37,37.6593614434321,101.701129320827,117,"pass","pass","warn","pass","fail","pass","pass","warn","fail","fail","pass","lib3_339"
"65","340","lib3",2329487,173044,1015,2699634,684055,9882452,2258699,48.9261598368489,7,1.1,29,0,0,"directional",1165014,1163458,136919015,4761230,36083190,63317345,24252339,"340_trimmed_filt_merged.1.fq.gz","Conventional base calls","Sanger / Illumina 1.9",4761230,0,"20-141",37,33.738844149669,102.635372582295,122,"pass","pass","fail","pass","fail","warn","pass","warn","fail","warn","pass","lib3_340"
"66","341","lib3",1764491,151734,710,2033316,506692,6938705,1665587,49.2625241079096,7.2,1.1,28.7,0,0,"directional",882370,881411,100530156,3581812,26399882,47438448,17213113,"341_trimmed_filt_merged.1.fq.gz","Conventional base calls","Sanger / Illumina 1.9",3581812,0,"20-141",36,36.6306865432755,101.702850680047,122,"pass","pass","fail","pass","fail","warn","pass","warn","fail","fail","pass","lib3_341"
"67","153","lib4",1024803,90763,353,1185017,364141,3971207,861154,51.8436096159294,7,1.1,32.5,0,0,"directional",514898,509552,61111719,1976720,15838566,31504301,8248487,"153_trimmed_filt_merged.1.fq.gz","Conventional base calls","Sanger / Illumina 1.9",1976720,0,"20-141",34,37.4475102940738,108.605708952204,137,"pass","pass","fail","pass","fail","warn","pass","warn","fail","fail","pass","lib4_153"
"68","154","lib4",4632693,392607,2017,5284450,1381685,16316252,4100345,50.765649989672,7.1,1,27.8,0,0,"directional",2320018,2310658,266052921,9125645,68963847,131763537,42343150,"154_trimmed_filt_merged.1.fq.gz","Conventional base calls","Sanger / Illumina 1.9",9125645,0,"20-141",35,26.6154214708779,101.66138196259,127,"pass","pass","warn","pass","fail","warn","pass","warn","fail","warn","pass","lib4_154"
"69","183","lib4",4097456,331033,2182,4739321,1351924,14967759,4300415,46.941242566077,7,1.1,25.1,0,0,"directional",2056407,2038867,245708117,8728904,63126011,116800553,44722549,"183_trimmed_filt_merged.1.fq.gz","Conventional base calls","Sanger / Illumina 1.9",8728904,0,"20-141",36,25.8182712597434,103.406597666786,127,"pass","pass","pass","pass","fail","warn","pass","warn","fail","warn","pass","lib4_183"
"70","203","lib4",4416737,357012,2253,5043430,1293544,13972256,4296754,48.6934076313078,7.7,1.2,23.9,0,0,"directional",2215076,2199408,234196789,9070503,60037163,109460297,44390099,"203_trimmed_filt_merged.1.fq.gz","Conventional base calls","Sanger / Illumina 1.9",9070503,0,"20-141",36,30.8495418965794,91.1959392990664,92,"pass","pass","warn","pass","fail","pass","pass","warn","fail","warn","pass","lib4_203"
"71","204","lib4",2187855,199191,896,2528918,697309,7655230,2000249,49.8679710391027,7.7,1.2,26.9,0,0,"directional",1096382,1090577,118340817,4387295,30283163,56414603,20761594,"204_trimmed_filt_merged.1.fq.gz","Conventional base calls","Sanger / Illumina 1.9",4387295,0,"20-141",35,35.9963665232507,94.1907339260296,102,"pass","pass","warn","pass","fail","pass","pass","warn","fail","warn","pass","lib4_204"
"72","205","lib4",2266970,230769,970,2538781,689726,8180459,2045963,49.8925765818269,7.4,1.1,29.1,0,0,"directional",1136350,1129650,124270042,4543702,31909378,61045766,19905932,"205_trimmed_filt_merged.1.fq.gz","Conventional base calls","Sanger / Illumina 1.9",4543702,0,"20-141",35,33.8846477977622,97.6199127935767,117,"pass","pass","warn","pass","fail","pass","pass","warn","fail","fail","pass","lib4_205"
"73","210","lib4",836683,86825,315,959671,255585,3070834,748426,50.0428246569542,8.1,1.2,31,0,0,"directional",420362,416006,42924504,1671934,10924736,20870112,6843566,"210_trimmed_filt_merged.1.fq.gz","Conventional base calls","Sanger / Illumina 1.9",1671934,0,"20-141",35,46.7818518383202,93.8390797722877,107,"pass","pass","pass","pass","fail","fail","pass","warn","fail","fail","pass","lib4_210"
"74","211","lib4",3611739,320789,1539,4185073,1160234,13020051,3522724,48.4455656227315,7.7,1.2,26.9,0,0,"directional",1809057,1801143,197525393,7455252,50389914,93448434,35321687,"211_trimmed_filt_merged.1.fq.gz","Conventional base calls","Sanger / Illumina 1.9",7455252,0,"20-141",35,29.2863477236957,98.4146126784178,117,"pass","pass","pass","pass","fail","pass","pass","warn","fail","fail","pass","lib4_211"
"75","212","lib4",1549188,165423,644,1783675,462567,5315629,1388950,49.9164669229959,8.7,1.3,28.5,0,0,"directional",777172,771372,74300497,3103561,18797390,34610431,13330805,"212_trimmed_filt_merged.1.fq.gz","Conventional base calls","Sanger / Illumina 1.9",3103561,0,"20-141",36,44.3855555733365,85.2291490323535,77,"pass","pass","fail","pass","fail","pass","pass","warn","fail","fail","pass","lib4_212"
"76","219","lib4",743182,74606,274,861356,254031,2783133,635083,51.1526487898788,7.5,1.2,31.3,0,0,"directional",372246,370662,41317215,1452871,10630223,20687923,6100549,"219_trimmed_filt_merged.1.fq.gz","Conventional base calls","Sanger / Illumina 1.9",1452871,0,"20-141",34,46.120515391519,100.406732600486,122,"pass","pass","warn","pass","fail","pass","pass","warn","fail","fail","pass","lib4_219"
"77","220","lib4",446379,42565,156,515480,152441,1794300,391325,50.7093854265003,7.2,1.2,33.2,0,0,"directional",225434,220789,25796709,880269,6629987,13091102,3613399,"220_trimmed_filt_merged.1.fq.gz","Conventional base calls","Sanger / Illumina 1.9",880269,0,"20-141",34,48.7168545099689,104.958877343176,137,"pass","pass","pass","pass","fail","warn","pass","warn","fail","fail","pass","lib4_220"
"78","234","lib4",1270746,103544,423,1478498,419785,4425812,1055178,52.3055253248859,7.9,1.3,27.9,0,0,"directional",637339,632984,67404160,2429468,17173653,32469930,11436482,"234_trimmed_filt_merged.1.fq.gz","Conventional base calls","Sanger / Illumina 1.9",2429468,0,"20-141",35,44.4632184770865,93.3092784099235,97,"pass","pass","warn","pass","fail","pass","pass","warn","fail","warn","pass","lib4_234"
"79","235","lib4",6504927,456607,2750,7553710,2147803,24920182,5838022,50.8215050584567,7,1.1,27.9,0,0,"directional",3254920,3247257,390395257,12799556,100027607,191219107,64526848,"235_trimmed_filt_merged.1.fq.gz","Conventional base calls","Sanger / Illumina 1.9",12799556,0,"20-141",35,24.3071653427234,105.83100570051,137,"pass","pass","pass","pass","fail","pass","pass","warn","fail","warn","pass","lib4_235"
"80","271","lib4",3759917,283683,1555,4390737,1310944,14363003,3181239,52.0415333822664,7.1,1.2,28.6,0,0,"directional",1883905,1874457,224492357,7224839,57365228,111262387,35800058,"271_trimmed_filt_merged.1.fq.gz","Conventional base calls","Sanger / Illumina 1.9",7224839,0,"20-141",34,27.533368877035,106.694097681623,137,"pass","pass","pass","pass","fail","pass","pass","warn","fail","warn","pass","lib4_271"
"81","272","lib4",2773238,237171,1191,3236554,1122849,10514896,2580553,49.602161488488,7.1,1.3,28.7,0,0,"directional",1399944,1372103,165612904,5590962,42297850,82296391,26144364,"272_trimmed_filt_merged.1.fq.gz","Conventional base calls","Sanger / Illumina 1.9",5590962,0,"20-141",34,30.0291778778001,106.225386972761,137,"pass","pass","warn","pass","fail","pass","pass","warn","fail","fail","pass","lib4_272"
"82","290","lib4",4032525,400795,2166,4765285,1562956,12635446,4430730,45.4930308380481,8,1.5,23.7,0,0,"directional",2024446,2005913,216925267,8864050,54771790,102571457,40618333,"290_trimmed_filt_merged.1.fq.gz","Conventional base calls","Sanger / Illumina 1.9",8864050,0,"20-141",35,31.1214760491453,92.3380587880258,97,"pass","pass","warn","pass","fail","warn","pass","warn","fail","warn","pass","lib4_290"
"83","291","lib4",6759927,619961,3413,7714156,2025943,23153378,6757793,47.8149634299996,7.5,1.2,25.3,0,0,"directional",3392098,3364416,367896425,14137681,94600611,171898681,68503656,"291_trimmed_filt_merged.1.fq.gz","Conventional base calls","Sanger / Illumina 1.9",14137681,0,"20-141",36,27.424323326881,92.7937296081302,97,"pass","pass","pass","pass","fail","pass","pass","warn","fail","warn","pass","lib4_291"
"84","292","lib4",4047999,303171,1987,4797341,1615069,13468193,4052666,48.1684673522901,7.1,1.3,22.9,0,0,"directional",2036429,2009583,246189926,8403836,62475993,118421123,45412207,"292_trimmed_filt_merged.1.fq.gz","Conventional base calls","Sanger / Illumina 1.9",8403836,0,"20-141",35,26.5629691029152,105.851844324425,137,"pass","pass","warn","pass","fail","warn","pass","warn","fail","warn","pass","lib4_292"
"85","293","lib4",6489518,423989,3330,7614525,2319931,25322406,6143575,49.7011353685303,6.6,1.1,27.1,0,0,"directional",3244768,3241420,418851277,13057082,107621800,207779960,68192655,"293_trimmed_filt_merged.1.fq.gz","Conventional base calls","Sanger / Illumina 1.9",13057082,0,"20-141",34,22.2189536060073,113.834021184825,137,"pass","pass","pass","pass","fail","pass","pass","warn","fail","warn","pass","lib4_293"
"86","296","lib4",3320523,376001,1750,3953555,1271916,11886608,3895040,43.7396431091143,8.6,1.7,27.1,0,0,"directional",1661646,1657127,166336927,7591564,42183601,75004745,32036502,"296_trimmed_filt_merged.1.fq.gz","Conventional base calls","Sanger / Illumina 1.9",7591564,0,"20-141",37,34.3457191682935,87.1973893653534,82,"pass","pass","warn","pass","fail","pass","pass","warn","fail","fail","pass","lib4_296"
"87","297","lib4",1947977,196743,984,2258470,593181,7517363,2110996,45.773190692236,7.9,1.3,28,0,0,"directional",975500,971493,101761575,4255716,26150447,45954737,19287377,"297_trimmed_filt_merged.1.fq.gz","Conventional base calls","Sanger / Illumina 1.9",4255716,0,"20-141",37,39.2015984108386,90.9659399264425,97,"pass","pass","warn","pass","fail","pass","pass","warn","fail","fail","pass","lib4_297"
"88","298","lib4",1012609,101112,415,1153624,273111,3404370,1037914,47.0623037829372,8.5,1.2,25.6,0,0,"directional",506870,505324,49152481,2151635,12417834,21994450,9909092,"298_trimmed_filt_merged.1.fq.gz","Conventional base calls","Sanger / Illumina 1.9",2151635,0,"20-141",37,48.7815535992722,83.8979427272748,72,"pass","pass","fail","pass","fail","pass","pass","warn","fail","fail","pass","lib4_298"
"89","12","lib5",2504662,191243,1438,2953507,1041988,10054803,2704459,46.3795033075548,6.7,1.3,27.8,0,0,"directional",1263117,1240107,162182105,5400364,41092171,80908124,26131512,"12_trimmed_filt_merged.1.fq.gz","Conventional base calls","Sanger / Illumina 1.9",5400364,0,"20-141",34,29.4835993718101,112.253189414639,137,"pass","pass","pass","pass","fail","pass","pass","warn","fail","fail","pass","lib5_12"
"90","155","lib5",2345345,171988,979,2709272,787268,8761043,2194299,49.7777627794361,6.8,1.1,27,0,0,"directional",1176952,1167414,145941850,4711632,37166219,72784657,23733391,"155_trimmed_filt_merged.1.fq.gz","Conventional base calls","Sanger / Illumina 1.9",4711632,0,"20-141",33,32.6206728708143,108.806573391131,137,"pass","pass","warn","pass","fail","pass","pass","warn","fail","warn","pass","lib5_155"
"91","156","lib5",1577664,111957,915,1845581,546166,6521411,1687280,46.7192849301771,6.9,1.2,27.2,0,0,"directional",790435,786314,97869735,3376901,24882358,46660881,17413338,"156_trimmed_filt_merged.1.fq.gz","Conventional base calls","Sanger / Illumina 1.9",3376901,0,"20-141",35,37.1106382935428,104.834503587757,132,"pass","pass","pass","pass","fail","pass","pass","warn","fail","warn","pass","lib5_156"
"92","157","lib5",262122,21645,95,308052,106029,1054128,235511,50.4781639122012,7.2,1.3,32.4,0,0,"directional",132620,129407,15676333,519278,3953992,8050397,2203735,"157_trimmed_filt_merged.1.fq.gz","Conventional base calls","Sanger / Illumina 1.9",519278,0,"20-141",33,54.5577320145623,107.456079402555,137,"pass","pass","warn","pass","fail","fail","pass","warn","warn","fail","pass","lib5_157"
"93","158","lib5",1010329,85633,438,1187671,394297,3859436,947145,49.4506161449205,7.3,1.3,29.5,0,0,"directional",508353,501538,59549919,2043107,14979469,29909723,9219323,"158_trimmed_filt_merged.1.fq.gz","Conventional base calls","Sanger / Illumina 1.9",2043107,0,"20-141",33,43.1888596620327,104.879128699574,137,"pass","pass","pass","pass","fail","pass","pass","warn","fail","fail","pass","lib5_158"
"94","159","lib5",2287628,179188,1008,2670613,791964,8995100,2153818,49.5089634885602,7.2,1.2,29.1,0,0,"directional",1148642,1137978,135242599,4620634,34339461,66507701,21937760,"159_trimmed_filt_merged.1.fq.gz","Conventional base calls","Sanger / Illumina 1.9",4620634,0,"20-141",34,34.8907474203579,102.94388865251,127,"pass","pass","pass","pass","fail","pass","pass","warn","fail","warn","pass","lib5_159"
"95","160","lib5",2320078,179781,1250,2696634,861433,8672607,2318237,48.1534199401589,6.8,1.2,26.3,0,0,"directional",1168073,1150755,144778456,4818096,36752340,71531158,24264284,"160_trimmed_filt_merged.1.fq.gz","Conventional base calls","Sanger / Illumina 1.9",4818096,0,"20-141",34,31.6987142802313,108.529293314205,137,"pass","pass","pass","pass","fail","pass","pass","warn","fail","warn","pass","lib5_160"
"96","17","lib5",4511340,256540,2054,5245224,1575992,17051230,4524931,48.5465592703865,6.5,1.1,25.1,0,0,"directional",2266185,2243101,294215215,9292811,75193309,144380693,50768767,"17_trimmed_filt_merged.1.fq.gz","Conventional base calls","Sanger / Illumina 1.9",9292811,0,"20-141",34,26.1696104333429,111.490610967984,137,"pass","pass","warn","pass","fail","pass","pass","warn","fail","warn","pass","lib5_17"
"97","19","lib5",5300654,343159,2511,6118619,1768754,20492947,5406888,47.9666765031467,6.6,1.1,25.7,0,0,"directional",2662826,2635317,336370578,11050701,86119117,162612926,59258215,"19_trimmed_filt_merged.1.fq.gz","Conventional base calls","Sanger / Illumina 1.9",11050701,0,"20-141",35,25.69947592229,107.368539697165,137,"pass","pass","warn","pass","fail","pass","pass","warn","fail","warn","pass","lib5_19"
"98","20","lib5",3682994,278827,2129,4338390,1467020,15789103,4029604,46.0868243148124,6.7,1.2,29,0,0,"directional",1854958,1825907,237533962,7991425,60726317,116552523,38660609,"20_trimmed_filt_merged.1.fq.gz","Conventional base calls","Sanger / Illumina 1.9",7991425,0,"20-141",35,27.7079856097288,109.8009078481,137,"pass","pass","warn","pass","fail","warn","pass","warn","fail","warn","pass","lib5_20"
"99","389","lib5",3712121,277450,1668,4297854,1317925,13344275,3697946,48.2876460630916,7,1.2,25.7,0,0,"directional",1869965,1840488,225290646,7687517,57132341,110714675,38483576,"389_trimmed_filt_merged.1.fq.gz","Conventional base calls","Sanger / Illumina 1.9",7687517,0,"20-141",34,29.3383000800892,105.035149320645,137,"pass","pass","pass","pass","fail","pass","pass","warn","fail","warn","pass","lib5_389"
"100","390","lib5",4752340,340121,2241,5517948,1741344,18026951,4600775,49.0273836312249,6.8,1.2,27.5,0,0,"directional",2390410,2359689,298193993,9693236,75968542,149385457,47553751,"390_trimmed_filt_merged.1.fq.gz","Conventional base calls","Sanger / Illumina 1.9",9693236,0,"20-141",33,26.3840251511935,109.647979683978,137,"pass","pass","pass","pass","fail","pass","pass","warn","fail","warn","pass","lib5_390"
"101","391","lib5",4770230,356018,2411,5549920,1813076,19253767,4886813,47.6400772950449,6.7,1.2,28.7,0,0,"directional",2406008,2361811,301141508,10013061,76762468,150013268,47749009,"391_trimmed_filt_merged.1.fq.gz","Conventional base calls","Sanger / Illumina 1.9",10013061,0,"20-141",34,26.6190217453989,109.99719007005,137,"pass","pass","pass","pass","fail","pass","pass","warn","fail","fail","pass","lib5_391"
"102","392","lib5",3724361,281154,1517,4332339,1286805,14567406,3199551,51.6908658435606,6.9,1.1,30,0,0,"directional",1864754,1858090,228259054,7205066,58229879,115857550,33985075,"392_trimmed_filt_merged.1.fq.gz","Conventional base calls","Sanger / Illumina 1.9",7205066,0,"20-141",33,29.0965675457896,108.35450834177,137,"pass","pass","pass","pass","fail","pass","pass","warn","fail","warn","pass","lib5_392"
"103","393","lib5",6101678,435345,2636,7011273,2061948,23931624,5795302,49.4771099529083,6.7,1,28.8,0,0,"directional",3055568,3043474,384708948,12332325,97990707,194548867,59164529,"393_trimmed_filt_merged.1.fq.gz","Conventional base calls","Sanger / Illumina 1.9",12332325,0,"20-141",33,24.2518450228429,111.026459730829,137,"pass","pass","pass","pass","fail","pass","pass","warn","fail","warn","pass","lib5_393"
"104","79","lib5",3268400,240124,1377,3784162,1093311,13307048,2932460,50.7437993946267,6.8,1.1,30.9,0,0,"directional",1634843,1632180,201897160,6440984,51745143,102190435,29777061,"79_trimmed_filt_merged.1.fq.gz","Conventional base calls","Sanger / Illumina 1.9",6440984,0,"20-141",33,30.8667101348565,109.027093065283,137,"pass","pass","pass","pass","fail","pass","pass","warn","fail","warn","pass","lib5_79"
"105","80","lib5",1507676,97935,502,1741817,491614,5950262,1188008,53.9685619263042,6.7,1,29.1,0,0,"directional",756265,750909,94748194,2793619,24236411,47836798,14491292,"80_trimmed_filt_merged.1.fq.gz","Conventional base calls","Sanger / Illumina 1.9",2793619,0,"20-141",33,36.6709184049362,110.676234303962,137,"pass","pass","pass","pass","fail","pass","pass","warn","fail","warn","pass","lib5_80"
"106","81","lib5",2612003,167950,1031,3025466,858802,10537388,2115770,53.3527530050209,6.7,1,29.4,0,0,"directional",1306427,1304545,164837435,4895723,42181507,82970268,25264004,"81_trimmed_filt_merged.1.fq.gz","Conventional base calls","Sanger / Illumina 1.9",4895723,0,"20-141",33,31.6161303380895,111.917244092446,137,"pass","pass","pass","pass","fail","warn","pass","warn","fail","warn","pass","lib5_81"
"107","82","lib5",4501046,276714,1947,5209359,1481838,17585248,4567908,48.161843540772,6.9,1.1,26.9,0,0,"directional",2257523,2241576,278828330,9345668,70538677,136307263,47705945,"82_trimmed_filt_merged.1.fq.gz","Conventional base calls","Sanger / Illumina 1.9",9345668,0,"20-141",34,27.3332893440984,107.339847938104,137,"pass","pass","pass","pass","fail","pass","pass","warn","fail","warn","pass","lib5_82"
"108","83","lib5",598232,43961,228,696278,221349,2418768,584947,48.7501018628681,7.2,1.2,30.1,0,0,"directional",301060,296944,35841359,1227140,9040831,17838387,5625746,"83_trimmed_filt_merged.1.fq.gz","Conventional base calls","Sanger / Illumina 1.9",1227140,0,"20-141",34,49.9642982780223,105.469682350832,132,"pass","pass","warn","pass","fail","pass","pass","warn","fail","fail","pass","lib5_83"
"109","93","lib5",613747,46089,209,711039,225271,2375891,565964,50.0690977320933,6.8,1.1,29.6,0,0,"directional",308857,304681,38095440,1225800,9672787,19448307,5662145,"93_trimmed_filt_merged.1.fq.gz","Conventional base calls","Sanger / Illumina 1.9",1225800,0,"20-141",33,46.6497609260754,110.405010605319,137,"pass","pass","warn","pass","fail","pass","pass","warn","fail","fail","pass","lib5_93"
"110","94","lib5",5034260,316528,2049,5796934,1642279,19407351,4758692,49.7974178691683,6.6,1,26.6,0,0,"directional",2524619,2507592,321811901,10109480,82059988,159249312,53656037,"94_trimmed_filt_merged.1.fq.gz","Conventional base calls","Sanger / Illumina 1.9",10109480,0,"20-141",34,25.0778375904428,110.46108039187,137,"pass","pass","warn","pass","fail","pass","pass","warn","fail","warn","pass","lib5_94"
"111","100","lib6",2565311,173552,1353,3103248,1075152,10373188,2940314,45.1704710031049,7.2,1.4,26.1,0,0,"directional",1286238,1277720,159402564,5679177,40242016,75278305,29330655,"100_trimmed_filt_merged.1.fq.gz","Conventional base calls","Sanger / Illumina 1.9",5679177,0,"20-141",35,31.7840845501931,107.240212798439,137,"pass","pass","pass","pass","fail","pass","pass","warn","fail","warn","pass","lib6_100"
"112","101","lib6",3767012,242344,1608,4544652,1604252,14729325,3533633,49.940573955497,7.1,1.4,29,0,0,"directional",1885231,1880173,232770115,7542989,59124688,116686993,36080205,"101_trimmed_filt_merged.1.fq.gz","Conventional base calls","Sanger / Illumina 1.9",7542989,0,"20-141",33,29.7327792614395,110.356970824165,137,"pass","pass","pass","pass","fail","pass","pass","warn","fail","warn","pass","lib6_101"
"113","102","lib6",3079924,193551,1726,3594297,1092303,10692777,3490362,45.5351599986812,6.8,1.2,22.2,0,0,"directional",1547866,1530332,193263786,6763837,48970572,91391609,37522228,"102_trimmed_filt_merged.1.fq.gz","Conventional base calls","Sanger / Illumina 1.9",6763837,0,"20-141",35,28.9244747403387,106.578015259682,137,"pass","pass","pass","pass","fail","warn","pass","warn","fail","warn","pass","lib6_102"
"114","103","lib6",4291647,277101,1970,4954768,1380976,14714109,3773732,51.4432998341021,7,1.1,25.2,0,0,"directional",2151230,2138447,258060131,8342480,66169555,127123291,43717432,"103_trimmed_filt_merged.1.fq.gz","Conventional base calls","Sanger / Illumina 1.9",8342480,0,"20-141",34,28.7567795282551,104.572078806302,137,"pass","pass","pass","pass","fail","warn","pass","warn","fail","warn","pass","lib6_103"
"115","185","lib6",4145172,302208,2095,4832128,1497666,15463912,4686804,45.3808681760735,6.8,1.2,26.1,0,0,"directional",2080294,2062783,259169893,9134184,65717943,127788012,43870232,"185_trimmed_filt_merged.1.fq.gz","Conventional base calls","Sanger / Illumina 1.9",9134184,0,"20-141",34,26.9984053574882,108.609476555322,137,"pass","pass","pass","pass","fail","warn","pass","warn","fail","warn","pass","lib6_185"
"116","186","lib6",1911722,167072,824,2214852,741220,6691965,1971653,47.1978031066695,7.3,1.3,28.3,0,0,"directional",967559,943339,112013008,4050447,28183595,57215188,16966188,"186_trimmed_filt_merged.1.fq.gz","Conventional base calls","Sanger / Illumina 1.9",4050447,0,"20-141",33,33.6131207147858,104.226842123845,137,"pass","pass","pass","pass","fail","warn","pass","warn","fail","fail","pass","lib6_186"
"117","187","lib6",1681710,127350,740,1957311,546417,6297036,1834806,46.1518068995951,7.2,1.2,25,0,0,"directional",845046,835924,99246049,3643866,25137121,46460775,18847389,"187_trimmed_filt_merged.1.fq.gz","Conventional base calls","Sanger / Illumina 1.9",3643866,0,"20-141",35,36.1629949905323,100.146978236851,117,"pass","pass","pass","pass","fail","pass","pass","warn","fail","warn","pass","lib6_187"
"118","188","lib6",2793205,207777,1586,3221299,941461,11642449,3220870,44.8934658040725,6.8,1.1,28.6,0,0,"directional",1402247,1389372,173861576,6221852,44437738,84556810,29061819,"188_trimmed_filt_merged.1.fq.gz","Conventional base calls","Sanger / Illumina 1.9",6221852,0,"20-141",35,30.0731034828812,106.951349212421,137,"pass","pass","pass","pass","fail","warn","pass","warn","fail","warn","pass","lib6_188"
"119","206","lib6",3414325,231599,1822,3980908,1150726,11740496,3586294,47.2099292360933,7,1.1,23.6,0,0,"directional",1708576,1703927,207466983,7232218,52515683,100024541,38054629,"206_trimmed_filt_merged.1.fq.gz","Conventional base calls","Sanger / Illumina 1.9",7232218,0,"20-141",34,31.9008118961728,105.105664541639,137,"pass","pass","pass","pass","fail","pass","pass","warn","fail","warn","pass","lib6_206"
"120","207","lib6",414606,33907,200,479476,139520,1646440,487691,44.2858607739339,7.4,1.2,27.3,0,0,"directional",208778,205628,23785468,936204,5971887,11171596,4376549,"207_trimmed_filt_merged.1.fq.gz","Conventional base calls","Sanger / Illumina 1.9",936204,0,"20-141",36,53.5623502903908,98.1540668486783,112,"pass","pass","warn","pass","fail","pass","pass","warn","warn","fail","pass","lib6_207"
"121","208","lib6",1742426,129167,875,2226928,944223,6252809,1986529,45.1625428122802,8.2,2,24.6,0,0,"directional",874246,867305,99808660,3858122,24880820,46372700,19131180,"208_trimmed_filt_merged.1.fq.gz","Conventional base calls","Sanger / Illumina 1.9",3858122,0,"20-141",35,40.0780150824731,98.4843887777525,117,"pass","pass","pass","pass","fail","pass","pass","warn","fail","warn","pass","lib6_208"
"122","209","lib6",3954201,283381,2160,4881118,1806557,15659890,4542524,45.0359141450001,7.6,1.6,26,0,0,"directional",1986179,1965862,235318470,8780106,59301650,109110208,44559047,"209_trimmed_filt_merged.1.fq.gz","Conventional base calls","Sanger / Illumina 1.9",8780106,0,"20-141",36,32.1987538587861,101.819784977539,117,"pass","pass","pass","pass","fail","pass","pass","warn","fail","warn","pass","lib6_209"
"123","273","lib6",1450449,100405,502,1792171,719704,5376734,1323320,50.4648987848335,7.7,1.7,28,0,0,"directional",729084,720863,85214544,2874174,21397446,42078179,13850310,"273_trimmed_filt_merged.1.fq.gz","Conventional base calls","Sanger / Illumina 1.9",2874174,0,"20-141",34,39.9925110366988,104.803934626087,137,"pass","pass","pass","pass","fail","pass","pass","warn","fail","warn","pass","lib6_273"
"124","274","lib6",1682890,126293,874,2049465,737434,5458936,1807709,46.5286218112125,8.1,1.7,22.6,0,0,"directional",844193,837823,91863034,3616892,23190881,41704211,18722107,"274_trimmed_filt_merged.1.fq.gz","Conventional base calls","Sanger / Illumina 1.9",3616892,0,"20-141",36,42.3490616083727,92.0184478828784,92,"pass","pass","pass","pass","fail","pass","pass","warn","fail","warn","pass","lib6_274"
"125","275","lib6",3468889,246833,1567,4206568,1454595,11739120,3039034,51.3547639618663,7.8,1.5,25.3,0,0,"directional",1737551,1729771,194532321,6754756,49710649,92752615,34668774,"275_trimmed_filt_merged.1.fq.gz","Conventional base calls","Sanger / Illumina 1.9",6754756,0,"20-141",35,35.8470812509229,96.60181137557,107,"pass","pass","pass","pass","fail","pass","pass","warn","fail","warn","pass","lib6_275"
"126","305","lib6",3817885,303186,1955,4599169,1607535,12161205,4014953,46.9256850766419,8.2,1.7,23.2,0,0,"directional",1918848,1897082,204647859,8136024,51760266,94307337,40212347,"305_trimmed_filt_merged.1.fq.gz","Conventional base calls","Sanger / Illumina 1.9",8136024,0,"20-141",35,37.1363389977634,91.0405902194979,87,"pass","pass","pass","pass","fail","pass","pass","warn","fail","warn","pass","lib6_305"
"127","306","lib6",2769635,235977,1412,3358543,1236261,9098278,2880079,47.0570915122795,8,1.7,24.4,0,0,"directional",1391142,1377081,152312219,5885691,38458108,71917796,28243233,"306_trimmed_filt_merged.1.fq.gz","Conventional base calls","Sanger / Illumina 1.9",5885691,0,"20-141",35,37.6862179258609,94.4798461217213,102,"pass","pass","pass","pass","fail","pass","pass","warn","fail","warn","pass","lib6_306"
"128","43","lib6",4222398,268599,1665,5170718,1882013,15610032,3598984,52.1929285124403,7.6,1.5,28.2,0,0,"directional",2113532,2107201,245044892,8089981,62470629,120115497,39796003,"43_trimmed_filt_merged.1.fq.gz","Conventional base calls","Sanger / Illumina 1.9",8089981,0,"20-141",34,33.4696820592961,101.732669829509,127,"pass","pass","pass","pass","fail","pass","pass","warn","fail","warn","pass","lib6_43"
"129","45","lib6",4397666,291141,2264,5289286,1866256,16731038,4972534,45.5181739263732,7,1.4,25,0,0,"directional",2208099,2187303,277755721,9661341,70247339,133552698,50069104,"45_trimmed_filt_merged.1.fq.gz","Conventional base calls","Sanger / Illumina 1.9",9661341,0,"20-141",34,27.8453952144924,109.814157061634,137,"pass","pass","pass","pass","fail","pass","pass","warn","fail","warn","pass","lib6_45"
"130","46","lib6",4243721,321666,2540,5173354,1961445,16805137,4951614,44.5909483460178,6.9,1.4,26.9,0,0,"directional",2123208,2117973,275408877,9517001,69308892,136439508,45720541,"46_trimmed_filt_merged.1.fq.gz","Conventional base calls","Sanger / Illumina 1.9",9517001,0,"20-141",34,28.4974518819305,115.126705776326,137,"pass","pass","pass","pass","fail","pass","pass","warn","fail","warn","pass","lib6_46"
"131","98","lib6",785714,53700,574,973278,364958,3243977,1014437,42.3828020698535,7.3,1.6,25.3,0,0,"directional",394136,391004,49444241,1853851,12449335,22842886,9569807,"98_trimmed_filt_merged.1.fq.gz","Conventional base calls","Sanger / Illumina 1.9",1853851,0,"20-141",36,42.77203682591,107.619721865457,127,"pass","pass","pass","pass","fail","pass","pass","warn","fail","warn","pass","lib6_98"
"132","99","lib6",1999533,130221,914,2399923,793870,7953935,1889798,49.7451706060775,7.3,1.3,27.8,0,0,"directional",999357,999262,120771814,4019552,30681040,58273297,20669749,"99_trimmed_filt_merged.1.fq.gz","Conventional base calls","Sanger / Illumina 1.9",4019552,0,"20-141",34,35.6415870750372,105.553264393644,137,"pass","pass","pass","pass","fail","pass","pass","warn","fail","warn","pass","lib6_99"
"133","126","lib7",4302099,328637,1873,5054466,1693497,16463399,4421881,47.5232631624645,6.9,1.3,27.6,0,0,"directional",2167843,2132383,266973027,9052617,68008061,132556806,43196798,"126_trimmed_filt_merged.1.fq.gz","Conventional base calls","Sanger / Illumina 1.9",9052617,0,"20-141",34,34.2789598967916,108.442769864228,137,"pass","pass","pass","pass","fail","pass","pass","warn","fail","warn","pass","lib7_126"
"134","127","lib7",1941543,143973,738,2298106,879488,7354188,1712947,51.1139110740318,6.9,1.4,30.3,0,0,"directional",982068,958737,122245828,3798463,30972345,63840237,16901464,"127_trimmed_filt_merged.1.fq.gz","Conventional base calls","Sanger / Illumina 1.9",3798463,0,"20-141",32,36.5148610069442,114.260843399027,137,"pass","pass","pass","pass","fail","warn","pass","warn","fail","fail","pass","lib7_127"
"135","161","lib7",5886779,372713,3389,7083750,2482043,23292523,7057010,44.2066467605382,6.7,1.3,24.4,0,0,"directional",2959593,2923797,391472804,13316502,98885993,187627835,72100660,"161_trimmed_filt_merged.1.fq.gz","Conventional base calls","Sanger / Illumina 1.9",13316502,0,"20-141",35,32.7292055159008,114.99688904789,137,"pass","pass","pass","pass","fail","pass","pass","warn","fail","fail","pass","lib7_161"
"136","162","lib7",8848756,471062,4806,10819997,3998762,36474990,10184330,45.3685851850591,6.5,1.3,25,0,0,"directional",4443795,4400155,612070607,19504148,155429031,295728771,109619056,"162_trimmed_filt_merged.1.fq.gz","Conventional base calls","Sanger / Illumina 1.9",19504148,0,"20-141",34,34.3285364597658,119.39385206675,137,"pass","pass","pass","pass","fail","pass","pass","warn","fail","warn","pass","lib7_162"
"137","163","lib7",6628000,430504,3850,7915126,2686380,27916850,7460830,45.6494767597467,6.5,1.2,27.2,0,0,"directional",3326973,3297177,449647542,14519334,114761823,221536733,74830630,"163_trimmed_filt_merged.1.fq.gz","Conventional base calls","Sanger / Illumina 1.9",14519334,0,"20-141",34,37.0080268317721,118.759387655109,137,"pass","pass","pass","pass","fail","pass","pass","warn","fail","fail","pass","lib7_163"
"138","250","lib7",2059453,115510,1006,2477685,895370,8441622,2403909,44.9773000861348,6.7,1.3,25.6,0,0,"directional",1038216,1020231,136577685,4578872,34383146,65813994,24565868,"250_trimmed_filt_merged.1.fq.gz","Conventional base calls","Sanger / Illumina 1.9",4578872,0,"20-141",35,35.6836599439569,114.658374595315,137,"pass","pass","warn","pass","fail","pass","pass","warn","fail","fail","pass","lib7_250"
"139","251","lib7",1459842,73971,755,1794972,675073,6379785,1569682,47.0386451403982,6.3,1.3,26.4,0,0,"directional",730444,728643,104072081,3103495,26531972,50949081,17741198,"251_trimmed_filt_merged.1.fq.gz","Conventional base calls","Sanger / Illumina 1.9",3103495,0,"20-141",34,37.6425540358043,122.277793262113,137,"pass","pass","warn","pass","fail","pass","pass","warn","fail","warn","pass","lib7_251"
"140","252","lib7",2353001,105075,1224,2882512,1044077,11841865,2371083,48.7248607883899,6.1,1.2,31,0,0,"directional",1175265,1176512,170076867,4829159,44007824,83998933,26301656,"252_trimmed_filt_merged.1.fq.gz","Conventional base calls","Sanger / Illumina 1.9",4829159,0,"20-141",35,36.0160816627218,122.992574483466,137,"pass","pass","warn","pass","fail","pass","pass","warn","fail","warn","pass","lib7_252"
"141","254","lib7",1575716,77625,761,1922880,714187,6498854,1749741,46.3026162754821,6.3,1.3,24.6,0,0,"directional",791745,783210,111753108,3403082,28375312,54356588,19885287,"254_trimmed_filt_merged.1.fq.gz","Conventional base calls","Sanger / Illumina 1.9",3403082,0,"20-141",34,36.8865712883353,121.380645838096,137,"pass","pass","warn","pass","fail","pass","pass","warn","fail","warn","pass","lib7_254"
"142","255","lib7",1978483,119058,985,2383174,891146,7781247,2098288,47.1535660771685,6.5,1.3,25.8,0,0,"directional",994595,982903,135424959,4195829,34467372,67536098,22365922,"255_trimmed_filt_merged.1.fq.gz","Conventional base calls","Sanger / Illumina 1.9",4195829,0,"20-141",34,36.2858476106174,118.491763606191,137,"pass","pass","pass","pass","fail","pass","pass","warn","fail","warn","pass","lib7_255"
"143","256","lib7",2245122,120516,1139,2710838,986559,8494418,2327126,47.84220983625,6.4,1.3,24.6,0,0,"directional",1125273,1118710,154974752,4692764,39431177,77354919,25996841,"256_trimmed_filt_merged.1.fq.gz","Conventional base calls","Sanger / Illumina 1.9",4692764,0,"20-141",33,35.2048024760777,119.684205726092,137,"pass","pass","pass","pass","fail","pass","pass","warn","fail","warn","pass","lib7_256"
"144","257","lib7",3664609,203239,2014,4416333,1632122,14569362,4247466,45.156712358881,6.3,1.3,24.2,0,0,"directional",1842911,1819684,258197314,8115314,65735630,126249053,45594814,"257_trimmed_filt_merged.1.fq.gz","Conventional base calls","Sanger / Illumina 1.9",8115314,0,"20-141",34,33.2884575066274,120.400233435207,137,"pass","pass","pass","pass","fail","pass","pass","warn","fail","warn","pass","lib7_257"
"145","258","lib7",3371326,187456,1916,4082699,1527366,14985794,3929900,45.0189499300411,6.3,1.3,27.8,0,0,"directional",1692493,1676917,237107555,7488682,60911259,116704845,38895592,"258_trimmed_filt_merged.1.fq.gz","Conventional base calls","Sanger / Illumina 1.9",7488682,0,"20-141",35,34.8631009538748,120.141786899217,137,"pass","pass","pass","pass","fail","pass","pass","warn","fail","warn","pass","lib7_258"
"146","34","lib7",3599035,181829,1496,4332108,1440879,14859006,3379097,50.2661257512436,6.5,1.2,26.2,0,0,"directional",1800303,1797236,243631898,7159961,62680564,118413929,41905412,"34_trimmed_filt_merged.1.fq.gz","Conventional base calls","Sanger / Illumina 1.9",7159961,0,"20-141",34,35.4816134618218,115.395539444977,137,"pass","pass","pass","pass","fail","pass","pass","warn","fail","warn","pass","lib7_34"
"147","35","lib7",1283743,74373,651,1540305,550266,6306191,1254879,49.1291793516635,6.2,1.2,33.4,0,0,"directional",642648,640444,89431644,2612995,23187668,45250498,12596716,"35_trimmed_filt_merged.1.fq.gz","Conventional base calls","Sanger / Illumina 1.9",2612995,0,"20-141",34,38.7319809283947,122.304493119964,137,"pass","pass","pass","pass","fail","pass","pass","warn","fail","warn","pass","lib7_35"
"148","36","lib7",1916458,115883,870,2308520,814549,8183754,1826385,49.6655631936551,6.7,1.3,30,0,0,"directional",961071,954517,125796714,3858726,32295126,63063685,19131080,"36_trimmed_filt_merged.1.fq.gz","Conventional base calls","Sanger / Illumina 1.9",3858726,0,"20-141",33,38.9444417736451,117.068580147956,137,"pass","pass","pass","pass","fail","pass","pass","warn","fail","warn","pass","lib7_36"
"149","370","lib7",2547022,194965,1259,3004928,1019899,9173274,2579419,47.8637036903405,7.2,1.3,26.3,0,0,"directional",1280997,1264766,154063869,5321406,38993695,76219901,25652172,"370_trimmed_filt_merged.1.fq.gz","Conventional base calls","Sanger / Illumina 1.9",5321406,0,"20-141",34,36.9389921269254,106.010101465665,137,"pass","pass","pass","pass","fail","pass","pass","warn","fail","warn","pass","lib7_370"
"150","371","lib7",3516852,241297,1744,4247161,1618171,13943523,3795158,46.5604271082852,6.9,1.4,26,0,0,"directional",1774760,1740348,227114365,7553307,57521191,110034386,39749933,"371_trimmed_filt_merged.1.fq.gz","Conventional base calls","Sanger / Illumina 1.9",7553307,0,"20-141",34,33.4928356134895,111.297685901023,137,"pass","pass","pass","pass","fail","pass","pass","warn","fail","fail","pass","lib7_371"
"151","377","lib7",1438202,85905,759,1729411,605022,5996561,1716498,44.3806634872192,6.6,1.3,25.9,0,0,"directional",721375,716068,96479848,3240605,24426295,46523604,17198955,"377_trimmed_filt_merged.1.fq.gz","Conventional base calls","Sanger / Illumina 1.9",3240605,0,"20-141",34,37.2380474757041,117.121686228343,137,"pass","pass","warn","pass","fail","pass","pass","warn","fail","fail","pass","lib7_377"
"152","378","lib7",1417929,84154,641,1701876,570762,5775283,1509276,47.0860166456407,6.9,1.3,26.3,0,0,"directional",710479,706809,90851966,3011359,23059295,43555429,16189321,"378_trimmed_filt_merged.1.fq.gz","Conventional base calls","Sanger / Illumina 1.9",3011359,0,"20-141",35,40.2225581968973,111.299038407576,137,"pass","pass","warn","pass","fail","pass","pass","warn","fail","warn","pass","lib7_378"
"153","379","lib7",1824369,106837,866,2218160,800709,8138543,2010821,46.2799722071919,6.6,1.3,28.7,0,0,"directional",914211,909292,122270777,3942027,31170459,59768569,20174337,"379_trimmed_filt_merged.1.fq.gz","Conventional base calls","Sanger / Illumina 1.9",3942027,0,"20-141",34,36.3233464218913,117.22422322323,137,"pass","pass","warn","pass","fail","pass","pass","warn","fail","warn","pass","lib7_379"
"154","37","lib7",533105,29321,222,641221,224994,2088006,521790,49.1696304057494,6.9,1.3,26.8,0,0,"directional",268133,264750,33896821,1084216,8607104,16637914,5697582,"37_trimmed_filt_merged.1.fq.gz","Conventional base calls","Sanger / Illumina 1.9",1084216,0,"20-141",34,51.9267675564516,111.96946364931,137,"pass","pass","warn","pass","fail","pass","pass","warn","warn","fail","pass","lib7_37"
"155","119","lib8",7386497,397334,2868,8708847,3043547,25205972,7009173,49.9323666781946,6.7,1.3,23.4,0,0,"directional",3726445,3657184,479223150,14793004,120985487,238989973,82289324,"119_trimmed_filt_merged.1.fq.gz","Conventional base calls","Sanger / Illumina 1.9",14793004,0,"20-141",33,23.469102709671,114.328895402178,137,"pass","pass","pass","pass","fail","pass","pass","warn","fail","warn","pass","lib8_119"
"156","120","lib8",5121173,313111,1991,6027379,1834935,18850168,4152178,53.4208866628794,6.9,1.1,26.8,0,0,"directional",2559026,2560156,318145581,9586462,81138112,158884048,51410939,"120_trimmed_filt_merged.1.fq.gz","Conventional base calls","Sanger / Illumina 1.9",9586462,0,"20-141",33,27.954683838849,109.727521790625,137,"pass","pass","pass","pass","fail","pass","pass","warn","fail","warn","pass","lib8_120"
"157","288","lib8",2834548,231570,1344,3357495,1102825,11096465,2931999,47.2572975818911,7.2,1.3,27.5,0,0,"directional",1423605,1409599,169758126,5998117,43067270,81931902,29202169,"288_trimmed_filt_merged.1.fq.gz","Conventional base calls","Sanger / Illumina 1.9",5998117,0,"20-141",35,34.0707556942452,104.188788748202,127,"pass","pass","pass","pass","fail","pass","pass","warn","fail","fail","pass","lib8_288"
"158","289","lib8",1193223,101649,507,1417195,463914,4187496,1123075,49.3486002794933,7.8,1.4,26.2,0,0,"directional",598187,594529,66557967,2417947,16708075,31988649,11792638,"289_trimmed_filt_merged.1.fq.gz","Conventional base calls","Sanger / Illumina 1.9",2417947,0,"20-141",34,45.556008278735,97.2730121876121,117,"pass","pass","warn","pass","fail","pass","pass","warn","fail","warn","pass","lib8_289"
"159","316","lib8",1890241,176911,941,2197290,727389,7097380,2148844,44.8349808681033,7.6,1.5,26.6,0,0,"directional",950025,939275,105603885,4215996,26749475,49288516,19543835,"316_trimmed_filt_merged.1.fq.gz","Conventional base calls","Sanger / Illumina 1.9",4215996,0,"20-141",35,38.3964842059372,97.2535011892801,117,"pass","pass","pass","pass","fail","pass","pass","warn","fail","fail","pass","lib8_316"
"160","317","lib8",3092697,266172,1472,3678240,1189550,11654580,3233947,46.9101063945968,7.5,1.4,27.5,0,0,"directional",1550094,1541131,178126663,6592816,45191105,85614549,30798639,"317_trimmed_filt_merged.1.fq.gz","Conventional base calls","Sanger / Illumina 1.9",6592816,0,"20-141",35,34.0982857477661,101.694348666791,122,"pass","pass","pass","pass","fail","pass","pass","warn","fail","warn","pass","lib8_317"
"161","318","lib8",1454336,117525,539,1726355,568627,5442272,1368437,49.4621973691102,7.4,1.3,28.7,0,0,"directional",728268,725529,85265690,2940298,21560467,42439513,13528456,"318_trimmed_filt_merged.1.fq.gz","Conventional base calls","Sanger / Illumina 1.9",2940298,0,"20-141",34,39.0954687296624,105.394401179744,137,"pass","pass","pass","pass","fail","pass","pass","warn","fail","warn","pass","lib8_318"
"162","319","lib8",1688236,136352,730,2035670,701501,6184157,1820296,46.3179623823419,7.7,1.5,26.5,0,0,"directional",846519,840987,97671637,3644884,24517416,47075800,17157093,"319_trimmed_filt_merged.1.fq.gz","Conventional base calls","Sanger / Illumina 1.9",3644884,0,"20-141",34,38.2031368059622,103.305199013192,122,"pass","pass","pass","pass","fail","pass","pass","warn","fail","fail","pass","lib8_319"
"163","320","lib8",6043293,417748,3007,7157042,2225737,24348530,6114752,48.0549655993861,7.2,1.3,28.7,0,0,"directional",3026496,3013790,359069888,12575793,91611764,173217211,60509604,"320_trimmed_filt_merged.1.fq.gz","Conventional base calls","Sanger / Illumina 1.9",12575793,0,"20-141",35,28.3455264380557,105.408466249405,122,"pass","pass","pass","pass","fail","pass","pass","warn","fail","warn","pass","lib8_320"
"164","321","lib8",3893269,306111,1858,4606104,1473464,15248872,4125771,46.7651457613201,7.4,1.3,28.3,0,0,"directional",1950011,1941400,228938472,8325151,57940463,111099367,38570202,"321_trimmed_filt_merged.1.fq.gz","Conventional base calls","Sanger / Illumina 1.9",8325151,0,"20-141",35,30.6294929343231,105.316728549428,122,"pass","pass","pass","pass","fail","pass","pass","warn","fail","fail","pass","lib8_321"
"165","32","lib8",3706813,279811,1615,4319335,1318625,12909807,3112479,52.2152305720878,7.3,1.2,27.2,0,0,"directional",1857320,1847878,216180128,7099103,55222853,107779842,34629666,"32_trimmed_filt_merged.1.fq.gz","Conventional base calls","Sanger / Illumina 1.9",7099103,0,"20-141",33,31.8221572804332,102.769631036484,137,"pass","pass","pass","pass","fail","pass","pass","warn","fail","warn","pass","lib8_32"
"166","33","lib8",4652459,341106,1896,5445439,1761772,16965679,3962479,51.9477014628334,7,1.2,27.5,0,0,"directional",2336840,2313723,284424818,8956044,72502884,143051606,44697438,"33_trimmed_filt_merged.1.fq.gz","Conventional base calls","Sanger / Illumina 1.9",8956044,0,"20-141",33,28.5008172050378,108.02476294221,137,"pass","pass","pass","pass","fail","warn","pass","warn","fail","warn","pass","lib8_33"
"167","365","lib8",1631227,128250,532,1940347,681674,6279191,1550838,49.2770929654731,7.2,1.3,30.6,0,0,"directional",820608,810087,99038937,3310315,24963980,50904871,14268874,"365_trimmed_filt_merged.1.fq.gz","Conventional base calls","Sanger / Illumina 1.9",3310315,0,"20-141",33,36.9771508226075,110.150311677288,137,"pass","pass","pass","pass","fail","pass","pass","warn","fail","fail","pass","lib8_365"
"168","366","lib8",1026666,73279,406,1218217,430347,3822386,933565,50.4873838830397,7.2,1.3,29.1,0,0,"directional",515845,510415,62855272,2033510,15815104,32239916,9329302,"366_trimmed_filt_merged.1.fq.gz","Conventional base calls","Sanger / Illumina 1.9",2033510,0,"20-141",33,41.6276488905732,110.700581752733,137,"pass","pass","pass","pass","fail","pass","pass","warn","fail","fail","pass","lib8_366"
"169","407","lib8",2054317,141103,744,2432098,810947,7612752,1866173,50.5790954435858,7.1,1.2,28,0,0,"directional",1029617,1023956,126415524,4061593,31882216,64097545,19579966,"407_trimmed_filt_merged.1.fq.gz","Conventional base calls","Sanger / Illumina 1.9",4061593,0,"20-141",33,34.7989230588702,110.747384831518,137,"pass","pass","pass","pass","fail","pass","pass","warn","fail","warn","pass","lib8_407"
"170","408","lib8",2987723,215097,1386,3501213,1157266,10448330,2851413,49.3493230273761,7,1.2,25.2,0,0,"directional",1502413,1483924,184518168,6054233,46726444,91645936,31038979,"408_trimmed_filt_merged.1.fq.gz","Conventional base calls","Sanger / Illumina 1.9",6054233,0,"20-141",33,30.8831127376706,108.657342226505,137,"pass","pass","pass","pass","fail","pass","pass","warn","fail","warn","pass","lib8_408"
"171","409","lib8",4977483,340313,2484,5883861,1996036,19796623,4852938,48.9392702630902,6.7,1.2,28.4,0,0,"directional",2499698,2475301,319439717,10170734,81639598,160123005,50000594,"409_trimmed_filt_merged.1.fq.gz","Conventional base calls","Sanger / Illumina 1.9",10170734,0,"20-141",34,26.6179787883171,112.443911619358,137,"pass","pass","pass","pass","fail","pass","pass","warn","fail","warn","pass","lib8_409"
"172","410","lib8",4029128,314826,1984,4708117,1524639,14684048,4263977,46.8071595834121,7.1,1.3,25.2,0,0,"directional",2029727,1997417,243933575,8607931,61782402,117637816,43596553,"410_trimmed_filt_merged.1.fq.gz","Conventional base calls","Sanger / Illumina 1.9",8607931,0,"20-141",34,29.4477372252322,104.675657832294,132,"pass","pass","pass","pass","fail","warn","pass","warn","fail","warn","pass","lib8_410"
"173","49","lib8",6222553,393714,2260,7294689,2322103,21772079,5000245,53.5664492060956,6.9,1.2,26.9,0,0,"directional",3115117,3105176,384652706,11616512,98461315,195708406,59094114,"49_trimmed_filt_merged.1.fq.gz","Conventional base calls","Sanger / Illumina 1.9",11616512,0,"20-141",33,26.145584126796,109.708046528941,137,"pass","pass","pass","pass","fail","pass","pass","warn","fail","warn","pass","lib8_49"
"174","50","lib8",2844688,238897,1231,3328144,1095070,11460129,2689009,49.2791975323399,7,1.2,31.7,0,0,"directional",1429787,1413670,173322497,5772594,44467671,88235419,24736064,"50_trimmed_filt_merged.1.fq.gz","Conventional base calls","Sanger / Illumina 1.9",5772594,0,"20-141",34,32.5222009534017,106.662776041412,137,"pass","pass","pass","pass","fail","pass","pass","warn","fail","warn","pass","lib8_50"
"175","51","lib8",3064424,249036,1371,3583411,1065603,10479246,2992261,48.5975196175029,7.6,1.3,25,0,0,"directional",1535766,1527287,172907349,6305721,43646761,82616222,31516106,"51_trimmed_filt_merged.1.fq.gz","Conventional base calls","Sanger / Illumina 1.9",6305721,0,"20-141",35,34.6034132102827,97.3860118454337,117,"pass","pass","pass","pass","fail","pass","pass","warn","fail","warn","pass","lib8_51"
"176","52","lib8",4309362,377427,2363,5085587,1638558,17683650,4701660,45.9006807194671,7.1,1.3,28.9,0,0,"directional",2160848,2146151,262899416,9388449,66817677,128159937,43514007,"52_trimmed_filt_merged.1.fq.gz","Conventional base calls","Sanger / Illumina 1.9",9388449,0,"20-141",35,28.0468889752765,105.688512660611,137,"pass","pass","pass","pass","fail","pass","pass","warn","fail","warn","pass","lib8_52"
"177","121","lib9",2272004,175014,1197,2933828,1377274,8526768,2438330,46.5064924750499,8.1,2.1,27,0,0,"directional",1146748,1124059,131768257,4885348,33109244,62774672,23046471,"121_trimmed_filt_merged.1.fq.gz","Conventional base calls","Sanger / Illumina 1.9",4885348,0,"20-141",36,37.3672076717577,100.711218115884,117,"pass","pass","pass","pass","fail","warn","pass","warn","fail","fail","pass","lib9_121"
"178","122","lib9",834484,84094,410,1080015,508704,3098324,873637,46.5616011471838,8.8,2.3,29.2,0,0,"directional",418646,415428,44906214,1792215,11167390,21551026,7500755,"122_trimmed_filt_merged.1.fq.gz","Conventional base calls","Sanger / Illumina 1.9",1792215,0,"20-141",35,50.1037935003801,95.1553664041424,107,"pass","pass","pass","pass","fail","pass","pass","warn","warn","fail","pass","lib9_122"
"179","123","lib9",2255131,206804,1065,2873150,1395399,8716347,2459641,45.8213182118899,8.1,2.1,28.3,0,0,"directional",1136803,1117263,131342431,4921576,32776733,63532142,22048660,"123_trimmed_filt_merged.1.fq.gz","Conventional base calls","Sanger / Illumina 1.9",4921576,0,"20-141",35,36.3582942087774,103.306735687918,117,"pass","pass","pass","pass","fail","fail","pass","warn","fail","fail","pass","lib9_123"
"180","177","lib9",6924268,543140,3429,7818683,2048092,26270292,7554402,46.0947648785333,6.7,1,26.8,0,0,"directional",3470013,3450826,428557370,15021810,108201740,212464746,71753817,"177_trimmed_filt_merged.1.fq.gz","Conventional base calls","Sanger / Illumina 1.9",15021810,0,"20-141",34,23.3749459827055,108.51516648127,137,"pass","pass","pass","pass","fail","pass","pass","warn","fail","warn","pass","lib9_177"
"181","178","lib9",3603559,341892,1691,4076976,996186,13188881,3950708,45.6368596427706,7.4,1,26.1,0,0,"directional",1809407,1792461,201219954,7896159,50648604,94960356,37348951,"178_trimmed_filt_merged.1.fq.gz","Conventional base calls","Sanger / Illumina 1.9",7896159,0,"20-141",35,31.1529775420658,95.5692085227767,107,"pass","pass","pass","pass","fail","pass","pass","warn","fail","fail","pass","lib9_178"
"182","179","lib9",3543257,192943,1246,4037284,1061230,13874555,3034864,52.3293975658774,6.3,0.9,27.6,0,0,"directional",1772337,1769674,234221444,6771064,59608748,119232798,36406829,"179_trimmed_filt_merged.1.fq.gz","Conventional base calls","Sanger / Illumina 1.9",6771064,0,"20-141",33,25.5223674952562,117.446090451959,137,"pass","pass","pass","pass","fail","pass","pass","warn","fail","warn","pass","lib9_179"
"183","180","lib9",3833757,229166,1425,4387853,1191731,13900459,3696331,49.4088349215015,6.7,1,25.9,0,0,"directional",1918787,1913545,242535402,7759254,61157366,122159994,39737999,"180_trimmed_filt_merged.1.fq.gz","Conventional base calls","Sanger / Illumina 1.9",7759254,0,"20-141",33,26.1816296274625,112.619018271602,137,"pass","pass","pass","pass","fail","pass","pass","warn","fail","warn","pass","lib9_180"
"184","181","lib9",5324241,381736,2112,6057047,1628735,19708728,5090149,49.316217687715,6.8,1,28,0,0,"directional",2666017,2656112,329772012,10796126,83012348,168751504,50613650,"181_trimmed_filt_merged.1.fq.gz","Conventional base calls","Sanger / Illumina 1.9",10796126,0,"20-141",33,24.2413737059862,111.366000915514,137,"pass","pass","pass","pass","fail","pass","pass","warn","fail","warn","pass","lib9_181"
"185","182","lib9",3690042,225612,1166,4186858,1088740,13582231,2973397,53.5638653277498,6.6,0.9,29.1,0,0,"directional",1846174,1842702,234149682,6889051,59390699,122760499,33140655,"182_trimmed_filt_merged.1.fq.gz","Conventional base calls","Sanger / Illumina 1.9",6889051,0,"20-141",32,25.5124796647579,115.763768768732,137,"pass","pass","pass","pass","fail","pass","pass","warn","fail","warn","pass","lib9_182"
"186","28","lib9",11914603,637031,4621,13444482,3390252,42883807,9930562,52.9957260402854,6.2,0.8,25.2,0,0,"directional",5962063,5947919,801353447,22482196,204374016,409852505,127408385,"28_trimmed_filt_merged.1.fq.gz","Conventional base calls","Sanger / Illumina 1.9",22482196,0,"20-141",32,19.6285103402746,119.570413094877,137,"pass","pass","pass","pass","fail","warn","pass","warn","fail","warn","pass","lib9_28"
"187","294","lib9",1134057,97370,616,1566550,831480,4514545,1325434,44.3534865602784,8.8,2.7,27.2,0,0,"directional",570038,563403,65495347,2556861,16315008,30206078,12061686,"294_trimmed_filt_merged.1.fq.gz","Conventional base calls","Sanger / Illumina 1.9",2556861,0,"20-141",36,44.7645833536003,99.5776727792399,117,"pass","pass","pass","pass","fail","pass","pass","warn","fail","fail","pass","lib9_294"
"188","295","lib9",559516,38708,291,736708,347870,2258063,614593,46.1335881670524,8.1,2.2,26.7,0,0,"directional",281972,277253,33459278,1212817,8343744,15559430,6213463,"295_trimmed_filt_merged.1.fq.gz","Conventional base calls","Sanger / Illumina 1.9",1212817,0,"20-141",36,49.7728025020536,103.413121682826,122,"pass","pass","warn","pass","fail","pass","pass","warn","fail","fail","pass","lib9_295"
"189","29","lib9",4684080,295040,2129,5304620,1426080,20130323,4274458,50.6191226788168,6.2,0.9,32.7,0,0,"directional",2346886,2335065,314122493,9253578,80867627,164994457,41399386,"29_trimmed_filt_merged.1.fq.gz","Conventional base calls","Sanger / Illumina 1.9",9253578,0,"20-141",33,23.413907214885,118.914895838129,137,"pass","pass","pass","pass","fail","warn","pass","warn","fail","warn","pass","lib9_29"
"190","30","lib9",5723934,344653,3075,6605853,1878257,21859773,6555365,45.3418549119959,6.6,1,25.3,0,0,"directional",2865456,2855403,371725853,12623952,93869086,183115206,64397678,"30_trimmed_filt_merged.1.fq.gz","Conventional base calls","Sanger / Illumina 1.9",12623952,0,"20-141",34,24.1108922609955,112.221365860707,137,"pass","pass","pass","pass","fail","pass","pass","warn","fail","warn","pass","lib9_30"
"191","372","lib9",2898026,201710,1102,3311762,921847,11019412,2845004,48.7494154496244,6.6,1,27.8,0,0,"directional",1454557,1442367,186162266,5944740,46921582,95333260,28654403,"372_trimmed_filt_merged.1.fq.gz","Conventional base calls","Sanger / Illumina 1.9",5944740,0,"20-141",33,26.9557713381946,115.287583645374,137,"pass","pass","pass","pass","fail","pass","pass","warn","fail","warn","pass","lib9_372"
"192","373","lib9",6262700,397408,2673,7102161,1877839,24394215,5984342,49.5292401013884,6.4,0.9,28.3,0,0,"directional",3137494,3122533,413104621,12644450,104594926,213304847,61830633,"373_trimmed_filt_merged.1.fq.gz","Conventional base calls","Sanger / Illumina 1.9",12644450,0,"20-141",33,22.2207336759643,118.207489610066,137,"pass","pass","pass","pass","fail","pass","pass","warn","fail","warn","pass","lib9_373"
"193","374","lib9",4938452,326488,1779,5583007,1455845,18001574,4715447,49.4815681997101,6.6,0.9,26.9,0,0,"directional",2475511,2461162,315087443,9980387,79289691,161739044,49018282,"374_trimmed_filt_merged.1.fq.gz","Conventional base calls","Sanger / Illumina 1.9",9980387,0,"20-141",33,23.8320195006227,114.700878933853,137,"pass","pass","pass","pass","fail","pass","pass","warn","fail","warn","pass","lib9_374"
"194","375","lib9",6920639,428268,2886,7798338,2129585,24375759,6802496,48.9042605881551,6.3,0.9,25.1,0,0,"directional",3475050,3442703,457001599,14151403,115720160,234347575,72630182,"375_trimmed_filt_merged.1.fq.gz","Conventional base calls","Sanger / Illumina 1.9",14151403,0,"20-141",32,21.3938377992515,117.569034815841,137,"pass","pass","pass","pass","fail","pass","pass","warn","fail","warn","pass","lib9_375"
"195","376","lib9",9918991,624962,4413,11217934,3012580,37712512,9325886,49.9198357872955,6.3,0.9,27.4,0,0,"directional",4973237,4941341,656448872,19869839,167375229,337322745,99807872,"376_trimmed_filt_merged.1.fq.gz","Conventional base calls","Sanger / Illumina 1.9",19869839,0,"20-141",33,20.6753797929391,117.499218891507,137,"pass","pass","pass","pass","fail","pass","pass","warn","fail","warn","pass","lib9_376"
"196","63","lib9",1222599,102103,550,1569558,706222,4634290,1052592,51.4281784247131,8.1,2,30,0,0,"directional",614325,607724,69796680,2377294,17812902,34263130,10810578,"63_trimmed_filt_merged.1.fq.gz","Conventional base calls","Sanger / Illumina 1.9",2377294,0,"20-141",35,45.5337791062585,99.9939914878008,117,"pass","pass","pass","pass","fail","pass","pass","warn","fail","warn","pass","lib9_63"
"197","65","lib9",2423057,213268,1237,3126256,1420734,8146827,2624321,46.0600656269211,8.6,2.2,25.2,0,0,"directional",1218244,1203576,133004205,5260646,33238462,62842337,24229589,"65_trimmed_filt_merged.1.fq.gz","Conventional base calls","Sanger / Illumina 1.9",5260646,0,"20-141",35,39.0728091299871,95.0540967782284,107,"pass","pass","pass","pass","fail","pass","pass","warn","fail","warn","pass","lib9_65"
"198","66","lib9",2679380,227809,1197,3465851,1690643,9439685,2584167,48.7926843570149,8.2,2.2,27.3,0,0,"directional",1348264,1329919,155454260,5491356,39036799,76638599,25182683,"66_trimmed_filt_merged.1.fq.gz","Conventional base calls","Sanger / Illumina 1.9",5491356,0,"20-141",34,35.676595355192,103.271283996157,127,"pass","pass","pass","pass","fail","pass","pass","warn","fail","fail","pass","lib9_66"
"199","106","lib10",4317145,237954,2207,4974131,1379312,17187731,5315812,43.7360340904705,6.4,1,23.7,0,0,"directional",2165952,2148986,288016170,9870911,72890317,136379190,55205489,"106_trimmed_filt_merged.1.fq.gz","Conventional base calls","Sanger / Illumina 1.9",9870911,0,"20-141",35,30.1583083511785,113.502405299774,137,"pass","pass","pass","pass","fail","pass","pass","warn","fail","fail","pass","lib10_106"
"200","107","lib10",1586934,97536,805,1787642,455420,5900916,1701677,46.8654786694139,6.6,0.9,23.7,0,0,"directional",794265,791864,100572675,3386147,25500828,47950339,18977530,"107_trimmed_filt_merged.1.fq.gz","Conventional base calls","Sanger / Illumina 1.9",3386147,0,"20-141",35,37.3089219407508,108.094074179296,137,"pass","pass","pass","pass","fail","pass","pass","warn","fail","warn","pass","lib10_107"
"201","108","lib10",1545824,129446,708,1746092,450909,5476105,1686856,45.9775749034986,7,1,25.2,0,0,"directional",776939,768177,91925078,3362126,23110417,44905817,16235738,"108_trimmed_filt_merged.1.fq.gz","Conventional base calls","Sanger / Illumina 1.9",3362126,0,"20-141",34,42.0789212711777,103.980710419538,122,"pass","pass","warn","pass","fail","pass","pass","warn","fail","fail","pass","lib10_108"
"202","109","lib10",912040,57652,362,1035433,271084,3447583,923896,48.1646482761826,6.5,0.9,25.9,0,0,"directional",458368,453310,58693796,1893588,14830091,29251863,9857742,"109_trimmed_filt_merged.1.fq.gz","Conventional base calls","Sanger / Illumina 1.9",1893588,0,"20-141",34,41.5517607779368,112.662780393623,137,"pass","pass","pass","pass","fail","pass","pass","warn","fail","warn","pass","lib10_109"
"203","128","lib10",3657300,191582,1304,4169018,1157060,12760114,2729814,55.5930841005573,6.2,0.9,26.3,0,0,"directional",1833138,1822858,248131017,6578696,63201049,131010603,35833173,"128_trimmed_filt_merged.1.fq.gz","Conventional base calls","Sanger / Illumina 1.9",6578696,0,"20-141",31,27.7938455757221,123.843711124515,137,"pass","pass","pass","pass","fail","pass","pass","warn","fail","warn","pass","lib10_128"
"204","129","lib10",1905328,142187,927,2204223,727305,6307346,1819341,49.2733114447499,7,1.2,25.5,0,0,"directional",961257,943144,116239048,3866856,29225267,59312119,18462788,"129_trimmed_filt_merged.1.fq.gz","Conventional base calls","Sanger / Illumina 1.9",3866856,0,"20-141",32,36.5532932393166,109.29440273959,137,"pass","pass","pass","pass","fail","pass","pass","warn","fail","fail","pass","lib10_129"
"205","130","lib10",3870148,233209,1783,4409208,1254941,13392567,3490789,50.9622543469667,6.4,1,25.4,0,0,"directional",1944940,1923425,251960640,7594146,64139904,129363485,39400535,"130_trimmed_filt_merged.1.fq.gz","Conventional base calls","Sanger / Illumina 1.9",7594146,0,"20-141",32,29.9156401673129,116.257183888748,137,"pass","pass","pass","pass","fail","pass","pass","warn","fail","warn","pass","lib10_130"
"206","133","lib10",1725033,105107,938,1968419,528601,6687749,1919963,45.9996165438656,6.4,0.9,25.8,0,0,"directional",863447,860648,114266327,3750103,28867258,56980136,19234164,"133_trimmed_filt_merged.1.fq.gz","Conventional base calls","Sanger / Illumina 1.9",3750103,0,"20-141",34,34.5580927726882,116.48842258466,137,"pass","pass","pass","pass","fail","pass","pass","warn","fail","warn","pass","lib10_133"
"207","134","lib10",2098203,141479,943,2398594,702421,7558550,2076627,48.6110470774914,6.6,1,27.3,0,0,"directional",1051745,1045515,135684575,4316309,34098320,70833663,20093027,"134_trimmed_filt_merged.1.fq.gz","Conventional base calls","Sanger / Illumina 1.9",4316309,0,"20-141",32,32.5482312896782,117.625827761636,137,"pass","pass","pass","pass","fail","pass","pass","warn","fail","fail","pass","lib10_134"
"208","135","lib10",2252644,143040,928,2563052,698465,8307848,2080885,50.3207702148677,6.4,0.9,27.2,0,0,"directional",1126051,1125665,148947296,4476569,37693758,77417788,22266385,"135_trimmed_filt_merged.1.fq.gz","Conventional base calls","Sanger / Illumina 1.9",4476569,0,"20-141",32,31.5215377494357,120.108558362442,137,"pass","pass","pass","pass","fail","pass","pass","warn","fail","warn","pass","lib10_135"
"209","140","lib10",664127,47723,269,756696,218921,2316245,593096,50.8930637742865,6.8,1,28.4,0,0,"directional",333787,330071,41215257,1304946,10355105,21742622,5825668,"140_trimmed_filt_merged.1.fq.gz","Conventional base calls","Sanger / Illumina 1.9",1304946,0,"20-141",32,44.0516040788253,114.068293247383,137,"pass","pass","pass","pass","fail","pass","pass","warn","fail","fail","pass","lib10_140"
"210","141","lib10",3687755,212784,1564,4248238,1240355,13065438,3713050,48.4364863929482,6.6,1,24.7,0,0,"directional",1848056,1838135,237315765,7613589,60110382,118894387,39756965,"141_trimmed_filt_merged.1.fq.gz","Conventional base calls","Sanger / Illumina 1.9",7613589,0,"20-141",33,30.7814888358122,113.723577802794,137,"pass","pass","pass","pass","fail","pass","pass","warn","fail","warn","pass","lib10_141"
"211","142","lib10",2107572,144772,794,2395514,666086,7460873,1994070,49.6318069787826,6.6,0.9,27.1,0,0,"directional",1057091,1049687,133798904,4246414,33791268,69455424,20029739,"142_trimmed_filt_merged.1.fq.gz","Conventional base calls","Sanger / Illumina 1.9",4246414,0,"20-141",32,37.0410794980951,115.76861723798,137,"pass","pass","pass","pass","fail","pass","pass","warn","fail","warn","pass","lib10_142"
"212","143","lib10",1771008,92925,739,2018822,538493,6799330,1694903,49.763686778486,6.3,0.9,26.5,0,0,"directional",884946,885323,118807345,3558836,30222692,60406672,18821336,"143_trimmed_filt_merged.1.fq.gz","Conventional base calls","Sanger / Illumina 1.9",3558836,0,"20-141",33,34.5245792770559,119.286830581685,137,"pass","pass","pass","pass","fail","pass","pass","warn","fail","warn","pass","lib10_143"
"213","14","lib10",3687331,233848,1429,4174444,1206924,14066611,3134460,52.2607661758205,6.2,0.9,29.1,0,0,"directional",1855064,1830838,245653365,7055639,62638470,129290863,34276053,"14_trimmed_filt_merged.1.fq.gz","Conventional base calls","Sanger / Illumina 1.9",7055639,0,"20-141",32,28.8147158876266,120.174811097903,137,"pass","pass","pass","pass","fail","warn","pass","warn","fail","warn","pass","lib10_14"
"214","16","lib10",6344609,359233,3349,7236734,2040927,21511050,6616153,47.6322175796613,6.5,1,23.6,0,0,"directional",3187689,3153571,413687786,13319995,104430709,208827581,69640785,"16_trimmed_filt_merged.1.fq.gz","Conventional base calls","Sanger / Illumina 1.9",13319995,0,"20-141",33,26.8219232317333,114.600426576737,137,"pass","pass","pass","pass","fail","pass","pass","warn","fail","warn","pass","lib10_16"
"215","454","lib10",1222861,79269,554,1394407,359558,4712053,1209844,48.6812761597055,6.7,0.9,26.9,0,0,"directional",612193,610114,76587044,2511974,19470187,37844223,12806616,"454_trimmed_filt_merged.1.fq.gz","Conventional base calls","Sanger / Illumina 1.9",2511974,0,"20-141",34,40.4951188339938,109.697890583262,137,"pass","pass","pass","pass","fail","pass","pass","warn","fail","warn","pass","lib10_454"
"216","455","lib10",2425703,148459,949,2765388,742253,9051813,2291928,49.8491191079491,6.5,0.9,26.4,0,0,"directional",1213634,1211120,158102565,4866090,39974492,80383836,25184783,"455_trimmed_filt_merged.1.fq.gz","Conventional base calls","Sanger / Illumina 1.9",4866090,0,"20-141",33,32.5793563407423,116.389150837736,137,"pass","pass","pass","pass","fail","pass","pass","warn","fail","warn","pass","lib10_455"
"217","456","lib10",2346896,141297,961,2682086,734380,9032767,2166487,50.4201362929353,6.5,0.9,28.2,0,0,"directional",1174545,1171390,152953431,4654680,38821760,78705180,22977258,"456_trimmed_filt_merged.1.fq.gz","Conventional base calls","Sanger / Illumina 1.9",4654680,0,"20-141",33,32.9165699345795,116.993704185895,137,"pass","pass","pass","pass","fail","pass","pass","warn","fail","warn","pass","lib10_456"
"218","457","lib10",3589240,226572,1885,4082797,1159479,14531703,3695830,47.7823623649796,6.2,0.9,27.1,0,0,"directional",1806566,1780789,242785707,7511642,61899974,121990255,39121499,"457_trimmed_filt_merged.1.fq.gz","Conventional base calls","Sanger / Illumina 1.9",7511642,0,"20-141",33,28.8162485149621,118.139802589101,137,"pass","pass","pass","pass","fail","pass","pass","warn","fail","warn","pass","lib10_457"
"219","77","lib10",8486282,449265,3779,9655879,2570265,30957362,7810567,50.6761270107202,6.3,0.9,24.9,0,0,"directional",4254775,4227728,565551445,16746114,144261388,284936396,93170155,"77_trimmed_filt_merged.1.fq.gz","Conventional base calls","Sanger / Illumina 1.9",16746114,0,"20-141",33,25.4875202244076,117.355963240188,137,"pass","pass","pass","pass","fail","pass","pass","warn","fail","warn","pass","lib10_77"
"220","78","lib10",7170282,368711,3192,8221939,2194539,26424083,6799371,50.0076717260072,6.3,0.9,24.3,0,0,"directional",3580276,3586814,481587794,14338364,122966694,239268233,82512306,"78_trimmed_filt_merged.1.fq.gz","Conventional base calls","Sanger / Illumina 1.9",14338364,0,"20-141",34,27.5145982844444,117.478254562375,137,"pass","pass","pass","pass","fail","pass","pass","warn","fail","warn","pass","lib10_78"
"221","136","lib11",5090337,393354,2306,5885873,1678330,18559193,5136854,47.9291505285275,7,1.1,27.1,0,0,"directional",2551188,2536843,308613004,10620545,78608301,153922598,49958709,"136_trimmed_filt_merged.1.fq.gz","Conventional base calls","Sanger / Illumina 1.9",10620545,0,"20-141",34,30.9685353569361,107.444858244092,137,"pass","pass","pass","pass","fail","pass","pass","warn","fail","warn","pass","lib11_136"
"222","169","lib11",4501665,317017,2315,5294809,1710880,17531791,4899060,46.3241872443207,6.8,1.2,26.5,0,0,"directional",2254661,2244689,286787872,9717742,72644836,140883894,48721662,"169_trimmed_filt_merged.1.fq.gz","Conventional base calls","Sanger / Illumina 1.9",9717742,0,"20-141",34,27.3818475741341,111.130783468011,137,"pass","pass","pass","pass","fail","pass","pass","warn","fail","warn","pass","lib11_169"
"223","170","lib11",1193106,96557,477,1416645,498440,4354304,1234852,47.2608005894201,7.3,1.4,28.6,0,0,"directional",599362,593267,71274164,2524515,17962153,36151129,10891493,"170_trimmed_filt_merged.1.fq.gz","Conventional base calls","Sanger / Illumina 1.9",2524515,0,"20-141",33,43.3073502513297,107.584548319182,137,"pass","pass","pass","pass","fail","pass","pass","warn","fail","fail","pass","lib11_170"
"224","171","lib11",1338733,104691,624,1553041,426351,4950179,1403070,47.0309440314998,7.6,1.2,26.4,0,0,"directional",672212,665897,74356257,2846494,18768979,34866232,13791475,"171_trimmed_filt_merged.1.fq.gz","Conventional base calls","Sanger / Illumina 1.9",2846494,0,"20-141",35,44.7377925357412,95.0895462980073,107,"pass","pass","pass","pass","fail","pass","pass","warn","fail","warn","pass","lib11_171"
"225","172","lib11",4222086,272362,1719,4957677,1533895,15866180,4080830,49.2355583107626,6.9,1.1,27.8,0,0,"directional",2111389,2108978,262760601,8575278,66561979,132702544,41138326,"172_trimmed_filt_merged.1.fq.gz","Conventional base calls","Sanger / Illumina 1.9",8575278,0,"20-141",33,28.6762624757506,111.433744538661,137,"pass","pass","pass","pass","fail","pass","pass","warn","fail","warn","pass","lib11_172"
"226","173","lib11",3589716,245302,1645,4218883,1291632,13811287,3691003,47.6973954763081,7,1.2,26.8,0,0,"directional",1795972,1792099,220827441,7526021,55832190,108001719,37671730,"173_trimmed_filt_merged.1.fq.gz","Conventional base calls","Sanger / Illumina 1.9",7526021,0,"20-141",34,30.167521652074,107.99520118267,137,"pass","pass","pass","pass","fail","pass","pass","warn","fail","warn","pass","lib11_173"
"227","21","lib11",6337514,390826,2653,7323488,2154111,23924440,5560879,51.5697051212123,6.5,1,27.7,0,0,"directional",3177078,3157783,406765435,12289219,104594489,206428540,62340367,"21_trimmed_filt_merged.1.fq.gz","Conventional base calls","Sanger / Illumina 1.9",12289219,0,"20-141",33,25.0079825097741,113.353516688082,137,"pass","pass","pass","pass","fail","pass","pass","warn","fail","warn","pass","lib11_21"
"228","23","lib11",3489916,289025,1563,4096773,1357420,12140093,3474083,48.1167027711476,7.2,1.3,27.2,0,0,"directional",1753011,1735342,208787688,7253024,52872986,105818173,32502243,"23_trimmed_filt_merged.1.fq.gz","Conventional base calls","Sanger / Illumina 1.9",7253024,0,"20-141",33,31.4360269736118,106.429908683606,137,"pass","pass","pass","pass","fail","pass","pass","warn","fail","warn","pass","lib11_23"
"229","24","lib11",3084476,202786,1059,3598618,1148029,11050692,2239625,55.8085591400729,6.8,1.1,29,0,0,"directional",1548085,1535332,192055864,5526887,49460128,99709232,27089165,"24_trimmed_filt_merged.1.fq.gz","Conventional base calls","Sanger / Illumina 1.9",5526887,0,"20-141",32,29.7673316974944,113.445428140651,137,"pass","pass","pass","pass","fail","warn","pass","warn","fail","warn","pass","lib11_24"
"230","26","lib11",2900310,179274,990,3404562,1054105,10836697,2157180,55.3836300432863,6.7,1.1,28.9,0,0,"directional",1453070,1446250,183870367,5236764,47277365,94630701,26666937,"26_trimmed_filt_merged.1.fq.gz","Conventional base calls","Sanger / Illumina 1.9",5236764,0,"20-141",32,30.2432830878225,115.133590324101,137,"pass","pass","pass","pass","fail","warn","pass","warn","fail","warn","pass","lib11_26"
"231","276","lib11",1568801,117489,670,1818120,526064,6229233,1624975,47.3776940232811,6.9,1.1,27.7,0,0,"directional",788106,780025,96511557,3311265,24478402,47161601,16298137,"276_trimmed_filt_merged.1.fq.gz","Conventional base calls","Sanger / Illumina 1.9",3311265,0,"20-141",34,36.6337656095668,107.048040250478,137,"pass","pass","pass","pass","fail","pass","pass","warn","fail","warn","pass","lib11_276"
"232","277","lib11",2795533,176057,1099,3296623,1037328,11429336,2654370,49.6898840375687,6.7,1.1,30.1,0,0,"directional",1399322,1395112,177762658,5625960,45660154,89793949,26545268,"277_trimmed_filt_merged.1.fq.gz","Conventional base calls","Sanger / Illumina 1.9",5625960,0,"20-141",34,30.8458634973308,113.675955214754,137,"pass","pass","pass","pass","fail","pass","pass","warn","fail","warn","pass","lib11_277"
"233","278","lib11",3992231,277891,1665,4679193,1416769,15388635,3853115,49.1458146549214,6.9,1.1,27.9,0,0,"directional",1998830,1991736,248167607,8123237,63179019,123665146,39838845,"278_trimmed_filt_merged.1.fq.gz","Conventional base calls","Sanger / Illumina 1.9",8123237,0,"20-141",34,28.2453964247679,110.511712141354,137,"pass","pass","pass","pass","fail","warn","pass","warn","fail","warn","pass","lib11_278"
"234","281","lib11",2531337,199917,1162,2970464,891727,9735061,2752556,46.1601878985596,7.3,1.2,26.8,0,0,"directional",1268532,1261643,149960406,5483810,37844273,71962740,26556141,"281_trimmed_filt_merged.1.fq.gz","Conventional base calls","Sanger / Illumina 1.9",5483810,0,"20-141",35,34.3312403401352,102.964725254887,127,"pass","pass","pass","pass","fail","pass","pass","warn","fail","warn","pass","lib11_281"
"235","444","lib11",2629355,190522,1094,3073418,928898,10030238,2393874,50.4311579129882,7.1,1.2,29,0,0,"directional",1317114,1311147,156994624,5213751,40013324,78437503,24511243,"444_trimmed_filt_merged.1.fq.gz","Conventional base calls","Sanger / Illumina 1.9",5213751,0,"20-141",34,33.2916523199866,106.559914924974,137,"pass","pass","pass","pass","fail","warn","pass","warn","fail","warn","pass","lib11_444"
"236","445","lib11",3428740,253770,1647,3972884,1225089,11831930,3225912,49.6313050939853,6.9,1.2,25.1,0,0,"directional",1725333,1701760,209869152,6908422,53418714,104122585,35297950,"445_trimmed_filt_merged.1.fq.gz","Conventional base calls","Sanger / Illumina 1.9",6908422,0,"20-141",34,29.5930206206917,108.152063959034,137,"pass","pass","pass","pass","fail","pass","pass","warn","fail","warn","pass","lib11_445"
"237","446","lib11",4363143,327970,2183,5064813,1700616,15956956,4606171,46.9292214801656,6.8,1.2,24.7,0,0,"directional",2207397,2153563,275543528,9297284,69715072,134546475,48559596,"446_trimmed_filt_merged.1.fq.gz","Conventional base calls","Sanger / Illumina 1.9",9297284,0,"20-141",34,26.8892501106622,110.500926937372,137,"pass","pass","pass","pass","fail","pass","pass","warn","fail","fail","pass","lib11_446"
"238","447","lib11",6095025,403074,2879,7114008,2209695,22357034,5532625,50.6621629753953,6.8,1.1,27,0,0,"directional",3057751,3034395,380300809,12030724,97856600,190208254,60555218,"447_trimmed_filt_merged.1.fq.gz","Conventional base calls","Sanger / Illumina 1.9",12030724,0,"20-141",34,25.7888931616925,110.132978779997,137,"pass","pass","pass","pass","fail","pass","pass","warn","fail","warn","pass","lib11_447"
"239","47","lib11",8494621,512437,3647,9869962,2966075,32390310,7518083,51.4042270501656,6.5,1,28.2,0,0,"directional",4254253,4236721,551125569,16525141,141735427,281798221,82365574,"47_trimmed_filt_merged.1.fq.gz","Conventional base calls","Sanger / Illumina 1.9",16525141,0,"20-141",33,23.1150041233506,115.277204533383,137,"pass","pass","pass","pass","fail","pass","pass","warn","fail","warn","pass","lib11_47"
"240","48","lib11",1240549,92964,411,1439162,472399,4730081,1053803,51.9641723173639,6.8,1.1,32.9,0,0,"directional",623753,616385,76941478,2387316,19665488,40994089,9640259,"48_trimmed_filt_merged.1.fq.gz","Conventional base calls","Sanger / Illumina 1.9",2387316,0,"20-141",32,38.8038554490299,113.921553325995,137,"pass","pass","pass","pass","fail","warn","pass","warn","fail","warn","pass","lib11_48"
"241","86","lib11",1795826,150620,880,2087238,615213,8238312,1783289,48.1488899345396,6.6,1,34.2,0,0,"directional",898359,896587,115140992,3729735,29629404,58716050,15854775,"86_trimmed_filt_merged.1.fq.gz","Conventional base calls","Sanger / Illumina 1.9",3729735,0,"20-141",34,34.6097456702542,112.649771096338,137,"pass","pass","pass","pass","fail","pass","pass","warn","fail","warn","pass","lib11_86"
"242","87","lib11",4270521,272442,1875,4954211,1486507,15188563,4228420,48.6869744486132,7,1.2,25.5,0,0,"directional",2142489,2126157,258012611,8771383,65548968,126522251,44312111,"87_trimmed_filt_merged.1.fq.gz","Conventional base calls","Sanger / Illumina 1.9",8771383,0,"20-141",34,29.623023855905,105.239481846819,137,"pass","pass","pass","pass","fail","pass","pass","warn","fail","warn","pass","lib11_87"
"243","167","lib12",3899256,369356,1907,4549224,1459511,15161825,4706001,43.4476227554325,7.4,1.3,27.6,0,0,"directional",1963375,1933974,226521055,8974613,56914092,108584017,39852386,"167_trimmed_filt_merged.1.fq.gz","Conventional base calls","Sanger / Illumina 1.9",8974613,0,"20-141",35,30.8507757350986,100.787698032216,117,"pass","pass","pass","pass","fail","pass","pass","warn","fail","fail","pass","lib12_167"
"244","168","lib12",1772178,131419,591,2067504,652397,7111635,1459471,52.6952770505978,6.8,1.1,32.1,0,0,"directional",887742,883845,110983111,3363068,28335535,57786935,15029105,"168_trimmed_filt_merged.1.fq.gz","Conventional base calls","Sanger / Illumina 1.9",3363068,0,"20-141",32,37.6255105569243,114.247035445016,137,"pass","pass","pass","pass","fail","warn","pass","warn","fail","warn","pass","lib12_168"
"245","174","lib12",1779310,134356,750,2086869,675961,6998674,1807424,47.8169031117226,7,1.2,28.3,0,0,"directional",895296,883264,109268758,3721090,27525884,54290081,17691289,"174_trimmed_filt_merged.1.fq.gz","Conventional base calls","Sanger / Illumina 1.9",3721090,0,"20-141",34,36.6278519013182,108.79902044831,137,"pass","pass","pass","pass","fail","pass","pass","warn","fail","fail","pass","lib12_174"
"246","175","lib12",1872101,123610,738,2233470,775219,7351922,1817146,49.0996908617344,7,1.3,28.7,0,0,"directional",940718,930645,117393323,3812857,29706456,59031469,18294787,"175_trimmed_filt_merged.1.fq.gz","Conventional base calls","Sanger / Illumina 1.9",3812857,0,"20-141",33,35.9139849852997,112.239148229267,137,"pass","pass","pass","pass","fail","pass","pass","warn","fail","fail","pass","lib12_175"
"247","231","lib12",2537218,183957,963,2974228,942085,11294763,2307710,50.4528936334794,6.7,1.1,34.6,0,0,"directional",1271479,1264776,160749915,5028885,41189579,82983278,21365982,"231_trimmed_filt_merged.1.fq.gz","Conventional base calls","Sanger / Illumina 1.9",5028885,0,"20-141",33,32.7727708626427,113.016621974851,137,"pass","pass","pass","pass","fail","warn","pass","warn","fail","warn","pass","lib12_231"
"248","232","lib12",3159743,240873,1393,3716145,1157451,12598336,3104070,48.5764109136091,7,1.2,29.5,0,0,"directional",1584558,1573792,194189546,6504686,49092896,97450484,30174234,"232_trimmed_filt_merged.1.fq.gz","Conventional base calls","Sanger / Illumina 1.9",6504686,0,"20-141",34,31.362700421432,109.508847006604,137,"pass","pass","pass","pass","fail","pass","pass","warn","fail","warn","pass","lib12_232"
"249","346","lib12",226137,16606,89,258645,115708,978941,233328,47.5006879225998,6.9,1.5,35.6,0,0,"directional",117131,108917,14099180,476071,3503266,7471233,1771387,"346_trimmed_filt_merged.1.fq.gz","Conventional base calls","Sanger / Illumina 1.9",476071,0,"20-141",33,53.0465725644935,112.437172186502,137,"pass","pass","warn","pass","fail","fail","pass","warn","warn","fail","pass","lib12_346"
"250","347","lib12",3915298,264381,1806,4609851,1587107,15127397,3843105,48.8022362312135,6.7,1.2,28.6,0,0,"directional",1972001,1941491,252800945,8022784,64326979,129468740,37680871,"347_trimmed_filt_merged.1.fq.gz","Conventional base calls","Sanger / Illumina 1.9",8022784,0,"20-141",33,28.5276627361014,114.448943907751,137,"pass","pass","pass","pass","fail","pass","pass","warn","fail","warn","pass","lib12_347"
"251","348","lib12",5444772,377882,2326,6389313,2210111,21113769,5411840,48.4647728682752,6.6,1.2,28.3,0,0,"directional",2742851,2699595,356388317,11234494,90534362,182679965,53460797,"348_trimmed_filt_merged.1.fq.gz","Conventional base calls","Sanger / Illumina 1.9",11234494,0,"20-141",33,25.0818717257541,115.938448140165,137,"pass","pass","pass","pass","fail","pass","pass","warn","fail","warn","pass","lib12_348"
"252","352","lib12",3371412,231462,1341,3957641,1334423,12618224,2949017,51.4570831535506,6.8,1.2,28.6,0,0,"directional",1695063,1675008,213495679,6551891,54361195,109792317,31431879,"352_trimmed_filt_merged.1.fq.gz","Conventional base calls","Sanger / Illumina 1.9",6551891,0,"20-141",33,29.9623889849041,113.266991773825,137,"pass","pass","pass","pass","fail","pass","pass","warn","fail","warn","pass","lib12_352"
"253","353","lib12",5210081,396065,2136,6071400,1752691,19268819,4989404,49.1723506566436,7.2,1.2,26.9,0,0,"directional",2613460,2594485,306385073,10595550,77744079,149104795,52443289,"353_trimmed_filt_merged.1.fq.gz","Conventional base calls","Sanger / Illumina 1.9",10595550,0,"20-141",34,30.4055503871307,102.196830556224,117,"pass","pass","pass","pass","fail","pass","pass","warn","fail","warn","pass","lib12_353"
"254","354","lib12",2076728,144740,841,2422449,834783,8057757,1894103,50.4602642014923,6.7,1.2,30.1,0,0,"directional",1044709,1031178,133834095,4115571,33872049,69901867,18745190,"354_trimmed_filt_merged.1.fq.gz","Conventional base calls","Sanger / Illumina 1.9",4115571,0,"20-141",32,32.6338768395727,116.802247610356,137,"pass","pass","pass","pass","fail","warn","pass","warn","fail","fail","pass","lib12_354"
"255","355","lib12",2902359,225967,1349,3411460,1077264,11449117,3065865,46.856143118609,6.9,1.2,27.6,0,0,"directional",1456031,1444979,180398073,6194191,45792647,88633152,30034433,"355_trimmed_filt_merged.1.fq.gz","Conventional base calls","Sanger / Illumina 1.9",6194191,0,"20-141",34,33.6314425436234,108.592578595009,137,"pass","pass","pass","pass","fail","pass","pass","warn","fail","fail","pass","lib12_355"
"256","451","lib12",1359882,94638,703,1610148,512290,5782993,1325227,48.9210708744357,6.9,1.2,30,0,0,"directional",682190,676989,85057146,2779747,21735480,41910129,13506106,"451_trimmed_filt_merged.1.fq.gz","Conventional base calls","Sanger / Illumina 1.9",2779747,0,"20-141",35,39.774107749168,108.153170054685,137,"pass","pass","pass","pass","fail","pass","pass","warn","fail","warn","pass","lib12_451"
"257","452","lib12",1381972,105125,478,1616816,522603,5517450,1240682,50.6629019433026,7,1.2,32,0,0,"directional",693866,687628,85239412,2727779,21558482,44293844,11730217,"452_trimmed_filt_merged.1.fq.gz","Conventional base calls","Sanger / Illumina 1.9",2727779,0,"20-141",33,38.4954642108955,112.999708920701,137,"pass","pass","pass","pass","fail","pass","pass","warn","fail","fail","pass","lib12_452"
"258","453","lib12",1950980,138345,716,2279669,731607,7755485,1666128,51.9505902483668,6.9,1.1,31.3,0,0,"directional",980111,970153,121990230,3755453,30947033,63287464,16988972,"453_trimmed_filt_merged.1.fq.gz","Conventional base calls","Sanger / Illumina 1.9",3755453,0,"20-141",33,34.7656743785656,113.800133033219,137,"pass","pass","pass","pass","fail","pass","pass","warn","fail","warn","pass","lib12_453"
"259","67","lib12",2093685,158997,786,2442125,812419,8920716,2117778,47.9053692288684,6.8,1.2,33.3,0,0,"directional",1055132,1037767,131444483,4370460,33356973,68047352,17864898,"67_trimmed_filt_merged.1.fq.gz","Conventional base calls","Sanger / Illumina 1.9",4370460,0,"20-141",33,33.3829108430603,113.089761489637,137,"pass","pass","pass","pass","fail","pass","pass","warn","fail","fail","pass","lib12_67"
"260","68","lib12",9394166,473888,4126,11115698,3517526,37714950,9473193,48.5706324933444,6.4,1.1,26.5,0,0,"directional",4700970,4689070,627936129,19341247,161380535,309770370,104437050,"68_trimmed_filt_merged.1.fq.gz","Conventional base calls","Sanger / Illumina 1.9",19341247,0,"20-141",34,23.9885038266508,116.511604965285,137,"pass","pass","pass","pass","fail","pass","pass","warn","fail","warn","pass","lib12_68"
"261","69","lib12",5014445,313650,1956,5892677,1939230,19410548,4645856,50.2754124218176,6.8,1.2,28.3,0,0,"directional",2520423,2492066,316434404,9973951,81053489,158927687,49210773,"69_trimmed_filt_merged.1.fq.gz","Conventional base calls","Sanger / Illumina 1.9",9973951,0,"20-141",34,28.2902767823985,110.772638044843,137,"pass","pass","pass","pass","fail","pass","pass","warn","fail","warn","pass","lib12_69"
"262","72","lib12",6938488,467857,3474,8164613,2702646,28892510,6937375,48.3730022616169,6.7,1.2,30,0,0,"directional",3487454,3447560,444624588,14343720,114368556,223092019,67404244,"72_trimmed_filt_merged.1.fq.gz","Conventional base calls","Sanger / Illumina 1.9",14343720,0,"20-141",34,25.3042728454207,111.7825487391,137,"pass","pass","pass","pass","fail","pass","pass","warn","fail","warn","pass","lib12_72"
"263","84","lib12",1870775,157373,763,2158235,770715,7599469,1601654,51.5393126126439,6.8,1.2,34.2,0,0,"directional",946981,923031,116923157,3629802,29700689,62052429,14641620,"84_trimmed_filt_merged.1.fq.gz","Conventional base calls","Sanger / Illumina 1.9",3629802,0,"20-141",32,35.1172134460678,113.938486451878,137,"pass","pass","pass","pass","fail","warn","pass","warn","fail","fail","pass","lib12_84"
"264","85","lib12",2685597,174933,1110,3162861,1061483,9962429,2720421,48.12077726538,6.9,1.2,26.1,0,0,"directional",1352215,1332272,170198814,5580951,42865273,84974923,28171845,"85_trimmed_filt_merged.1.fq.gz","Conventional base calls","Sanger / Illumina 1.9",5580951,0,"20-141",33,31.0609504463226,112.10269396739,137,"pass","pass","pass","pass","fail","pass","pass","warn","fail","fail","pass","lib12_85"
"265","176","lib13",495240,32406,188,610878,270298,1995374,536212,46.5513254588488,7.1,1.7,30.7,0,0,"directional",251239,243813,31198061,1063858,7940003,15873503,4508005,"176_trimmed_filt_merged.1.fq.gz","Conventional base calls","Sanger / Illumina 1.9",1063858,0,"20-141",33,54.3968812490903,114.883444971039,137,"pass","pass","warn","pass","fail","fail","pass","warn","warn","fail","pass","lib13_176"
"266","227","lib13",678119,39293,300,835353,322256,2717164,702768,47.7488064893183,7.1,1.5,26.8,0,0,"directional",340287,337532,42824027,1420180,10901559,20610917,7436778,"227_trimmed_filt_merged.1.fq.gz","Conventional base calls","Sanger / Illumina 1.9",1420180,0,"20-141",35,50.3880285683738,110.230202509541,137,"pass","pass","pass","pass","fail","pass","pass","warn","warn","fail","pass","lib13_227"
"267","228","lib13",771912,50324,363,960568,400863,3079414,791354,47.8381745052956,7.1,1.6,29.1,0,0,"directional",387592,383957,49691803,1613590,12647101,25085883,7517974,"228_trimmed_filt_merged.1.fq.gz","Conventional base calls","Sanger / Illumina 1.9",1613590,0,"20-141",33,47.0088229523821,116.912285648771,137,"pass","pass","pass","pass","fail","pass","pass","warn","fail","fail","pass","lib13_228"
"268","229","lib13",1916543,104912,899,2384961,967612,8035622,1869314,49.2587198057762,6.8,1.5,29.1,0,0,"directional",962332,953312,127396227,3890769,32736704,63695587,19575741,"229_trimmed_filt_merged.1.fq.gz","Conventional base calls","Sanger / Illumina 1.9",3890769,0,"20-141",34,36.9420110567979,118.711050951624,137,"pass","pass","pass","pass","fail","warn","pass","warn","fail","warn","pass","lib13_229"
"269","238","lib13",1937414,135003,848,2392175,1053046,8059687,1917566,48.5569487388793,6.9,1.6,32.7,0,0,"directional",978167,958399,125369399,3989983,32128045,65114999,16621447,"238_trimmed_filt_merged.1.fq.gz","Conventional base calls","Sanger / Illumina 1.9",3989983,0,"20-141",33,36.0251035008302,117.728294080451,137,"pass","pass","pass","pass","fail","warn","pass","warn","fail","fail","pass","lib13_238"
"270","239","lib13",2196211,156180,975,2683033,1111565,8010867,2213138,48.1041955926685,7.1,1.6,27.8,0,0,"directional",1109681,1085555,137559883,4565529,34999732,69910433,20844253,"239_trimmed_filt_merged.1.fq.gz","Conventional base calls","Sanger / Illumina 1.9",4565529,0,"20-141",33,36.4928534340961,113.288009998403,137,"pass","pass","pass","pass","fail","pass","pass","warn","fail","fail","pass","lib13_239"
"271","240","lib13",3461545,231002,1629,4240391,1844786,14755620,3951646,45.2833281420289,6.8,1.6,29.4,0,0,"directional",1755672,1704244,226734879,7644193,57976491,112544998,35372593,"240_trimmed_filt_merged.1.fq.gz","Conventional base calls","Sanger / Illumina 1.9",7644193,0,"20-141",34,31.6107980666409,115.180288619086,137,"pass","pass","pass","pass","fail","pass","pass","warn","fail","fail","pass","lib13_240"
"272","269","lib13",1306223,62922,489,1498848,442203,4878426,1306086,48.826549931576,6.1,0.9,26,0,0,"directional",656234,649500,90435880,2675231,23038542,46692916,13884945,"269_trimmed_filt_merged.1.fq.gz","Conventional base calls","Sanger / Illumina 1.9",2675231,0,"20-141",32,34.2342627911777,124.453455421233,137,"pass","pass","pass","pass","fail","warn","pass","warn","fail","fail","pass","lib13_269"
"273","270","lib13",1348600,75870,688,1550825,447984,5371575,1431651,47.2178874774563,6.2,0.9,27.7,0,0,"directional",675667,672245,91981065,2856121,23417002,47192032,14001647,"270_trimmed_filt_merged.1.fq.gz","Conventional base calls","Sanger / Illumina 1.9",2856121,0,"20-141",33,35.5409647220996,122.328142610205,137,"pass","pass","pass","pass","fail","pass","pass","warn","fail","warn","pass","lib13_270"
"274","282","lib13",558336,33397,279,713810,312413,2378021,658474,44.6594843893851,7.2,1.8,27.5,0,0,"directional",279276,278781,35931695,1250207,9134642,17115586,6277223,"282_trimmed_filt_merged.1.fq.gz","Conventional base calls","Sanger / Illumina 1.9",1250207,0,"20-141",35,52.5509577346053,112.026198861469,137,"pass","pass","pass","pass","fail","pass","pass","warn","warn","fail","pass","lib13_282"
"275","283","lib13",1140030,74583,513,1404624,596599,4580419,1291634,45.4875357456787,6.8,1.6,27.2,0,0,"directional",575741,563776,75027844,2506247,19126852,37043717,12275633,"283_trimmed_filt_merged.1.fq.gz","Conventional base calls","Sanger / Illumina 1.9",2506247,0,"20-141",34,41.0391228222955,116.062471097222,137,"pass","pass","pass","pass","fail","warn","pass","warn","fail","fail","pass","lib13_283"
"276","284","lib13",2210928,114291,908,2508618,692156,8277799,2062485,50.3891784860601,6.2,0.9,28.3,0,0,"directional",1108258,1101762,148563602,4387704,37885281,78265359,20934389,"284_trimmed_filt_merged.1.fq.gz","Conventional base calls","Sanger / Illumina 1.9",4387704,0,"20-141",32,30.6906958720375,122.53788974826,137,"pass","pass","pass","pass","fail","warn","pass","warn","fail","warn","pass","lib13_284"
"277","307","lib13",1193531,56552,541,1481961,619104,4118328,1127615,50.1969131487683,7,1.6,24.2,0,0,"directional",600352,592638,77666515,2377698,19838230,38678476,12930416,"307_trimmed_filt_merged.1.fq.gz","Conventional base calls","Sanger / Illumina 1.9",2377698,0,"20-141",34,41.8023317635171,116.297892331154,137,"pass","pass","pass","pass","fail","pass","pass","warn","fail","warn","pass","lib13_307"
"278","308","lib13",2450631,142184,1159,3028718,1262849,9276077,2532170,47.817330197064,6.9,1.6,25.6,0,0,"directional",1232327,1217145,160736398,5124985,40958603,79231993,26978158,"308_trimmed_filt_merged.1.fq.gz","Conventional base calls","Sanger / Illumina 1.9",5124985,0,"20-141",34,34.9253903306277,116.204631623312,137,"pass","pass","pass","pass","fail","warn","pass","warn","fail","fail","pass","lib13_308"
"279","309","lib13",1385351,92642,729,1711753,745300,5515888,1500915,46.5053301411121,6.9,1.6,27,0,0,"directional",702410,682212,90770892,2978908,23098774,44818834,14880343,"309_trimmed_filt_merged.1.fq.gz","Conventional base calls","Sanger / Illumina 1.9",2978908,0,"20-141",34,39.0465432926492,116.392123556686,137,"pass","pass","pass","pass","fail","warn","pass","warn","fail","fail","pass","lib13_309"
"280","310","lib13",1495033,88223,819,1855143,731300,6134798,1474235,48.897380237587,6.9,1.5,28.7,0,0,"directional",749158,745056,96984126,3057491,24936586,48079532,15246767,"310_trimmed_filt_merged.1.fq.gz","Conventional base calls","Sanger / Illumina 1.9",3057491,0,"20-141",34,40.961386623124,115.029992892865,137,"pass","pass","pass","pass","fail","pass","pass","warn","fail","warn","pass","lib13_310"
"281","394","lib13",3787417,210851,1699,4300965,1183121,14383444,3819467,48.4464745863092,6.3,0.9,27.8,0,0,"directional",1895407,1890311,251722926,7817735,64374887,130083137,37397372,"394_trimmed_filt_merged.1.fq.gz","Conventional base calls","Sanger / Illumina 1.9",7817735,0,"20-141",32,27.5447436668192,119.341314971664,137,"pass","pass","pass","pass","fail","warn","pass","warn","fail","warn","pass","lib13_394"
"282","395","lib13",1659678,104263,815,1889769,523133,6821398,1953547,44.64514747593,6.1,0.9,27.7,0,0,"directional",833589,825274,112987878,3717488,28859290,57074460,17819828,"395_trimmed_filt_merged.1.fq.gz","Conventional base calls","Sanger / Illumina 1.9",3717488,0,"20-141",33,35.8444395371186,120.642928504409,137,"pass","pass","pass","pass","fail","pass","pass","warn","fail","fail","pass","lib13_395"
"283","59","lib13",957530,52519,279,1083740,300260,3658094,767732,53.8609648770012,6.2,0.9,31.2,0,0,"directional",480033,477218,64141560,1777781,16372224,34655928,8071314,"59_trimmed_filt_merged.1.fq.gz","Conventional base calls","Sanger / Illumina 1.9",1777781,0,"20-141",31,38.3214423188416,125.11366641898,137,"pass","pass","pass","pass","fail","warn","pass","warn","fail","warn","pass","lib13_59"
"284","95","lib13",2302146,146305,1027,2847715,1225819,9410117,2133041,50.2488272379391,6.9,1.6,31.9,0,0,"directional",1158510,1142609,148485337,4581492,38138044,76803070,20060572,"95_trimmed_filt_merged.1.fq.gz","Conventional base calls","Sanger / Illumina 1.9",4581492,0,"20-141",33,35.6918800039799,117.464619385999,137,"pass","pass","pass","pass","fail","warn","pass","warn","fail","fail","pass","lib13_95"
"285","96","lib13",2194264,146129,977,2674259,996123,8252250,2165729,48.6951751417294,7.3,1.5,27.3,0,0,"directional",1101490,1091797,133046009,4506122,33910308,65210187,22002882,"96_trimmed_filt_merged.1.fq.gz","Conventional base calls","Sanger / Illumina 1.9",4506122,0,"20-141",34,39.3871329151873,107.474823140607,137,"pass","pass","pass","pass","fail","pass","pass","warn","fail","fail","pass","lib13_96"
"286","97","lib13",2455129,164345,1046,3013130,1219797,9706396,2442613,48.5003319777001,7,1.5,28.7,0,0,"directional",1234005,1220078,157008478,5062087,40115385,78849262,24104508,"97_trimmed_filt_merged.1.fq.gz","Conventional base calls","Sanger / Illumina 1.9",5062087,0,"20-141",33,35.0360285588031,115.051680067925,137,"pass","pass","pass","pass","fail","pass","pass","warn","fail","fail","pass","lib13_97"
"287","10","lib14",417961,33383,234,474874,122553,1836589,350463,52.1273822752857,6.7,1,34,0,0,"directional",208483,209244,25067763,801807,6629940,12446171,3557636,"10_trimmed_filt_merged.1.fq.gz","Conventional base calls","Sanger / Illumina 1.9",801807,0,"20-141",35,54.8354244236193,108.649749877464,127,"pass","pass","warn","pass","fail","pass","pass","warn","warn","fail","pass","lib14_10"
"288","11","lib14",2925216,199029,1403,3351200,885374,12098259,2803013,49.351926303866,6.3,1,28.8,0,0,"directional",1463854,1459959,187576889,5927258,49436056,91856940,29949060,"11_trimmed_filt_merged.1.fq.gz","Conventional base calls","Sanger / Illumina 1.9",5927258,0,"20-141",35,31.512641882024,113.681420650156,137,"pass","pass","pass","pass","fail","warn","pass","warn","fail","fail","pass","lib14_11"
"289","279","lib14",1120761,71143,427,1306477,457387,4383369,994617,51.2577286017377,6.5,1.2,30.8,0,0,"directional",565939,554395,73064998,2186521,18912823,38142382,9862560,"279_trimmed_filt_merged.1.fq.gz","Conventional base calls","Sanger / Illumina 1.9",2186521,0,"20-141",33,36.4779768241935,120.242084114445,137,"pass","pass","pass","pass","fail","warn","pass","warn","fail","fail","pass","lib14_279"
"290","280","lib14",3685799,225465,1809,4269774,1224035,14150663,3915416,47.0927519714617,6.4,1,25,0,0,"directional",1847033,1836957,244087165,7826680,62747521,119140403,42554769,"280_trimmed_filt_merged.1.fq.gz","Conventional base calls","Sanger / Illumina 1.9",7826680,0,"20-141",35,28.6478989666924,116.280872860523,137,"pass","pass","pass","pass","fail","warn","pass","warn","fail","fail","pass","lib14_280"
"291","285","lib14",2867108,152339,1599,3367195,1022712,11652044,3479044,44.1195963801443,6.4,1.1,23.7,0,0,"directional",1437284,1428225,192449598,6498491,49332806,89613959,37460882,"285_trimmed_filt_merged.1.fq.gz","Conventional base calls","Sanger / Illumina 1.9",6498491,0,"20-141",36,31.37343771145,114.004129266317,137,"pass","pass","pass","pass","fail","pass","pass","warn","fail","fail","pass","lib14_285"
"292","286","lib14",3460506,179909,1678,4009629,1125077,13050139,3566913,48.0137160401192,6.3,1,24.4,0,0,"directional",1733171,1725657,231258941,7207328,59681435,112905932,40486729,"286_trimmed_filt_merged.1.fq.gz","Conventional base calls","Sanger / Illumina 1.9",7207328,0,"20-141",35,35.2053890290541,117.415786543918,137,"pass","pass","pass","pass","fail","pass","pass","warn","fail","warn","pass","lib14_286"
"293","299","lib14",2088457,96310,873,2415128,664991,8007947,2000065,49.905396441243,6.3,1,24.2,0,0,"directional",1048352,1039232,139622141,4184832,36024006,67474667,25035402,"299_trimmed_filt_merged.1.fq.gz","Conventional base calls","Sanger / Illumina 1.9",4184832,0,"20-141",35,33.3089480644454,116.116607548403,137,"pass","pass","pass","pass","fail","warn","pass","warn","fail","warn","pass","lib14_299"
"294","300","lib14",4771160,271024,2231,5485696,1535063,18534513,4642063,49.2672274881052,6.3,1,26.9,0,0,"directional",2391214,2377715,313357359,9684247,81469232,155979761,50353094,"300_trimmed_filt_merged.1.fq.gz","Conventional base calls","Sanger / Illumina 1.9",9684247,0,"20-141",34,27.5107345974598,115.776119196464,137,"pass","pass","pass","pass","fail","pass","pass","warn","fail","warn","pass","lib14_300"
"295","301","lib14",5325987,265121,2241,6159149,1777302,19591830,4875668,50.8846945802604,6.3,1,25.3,0,0,"directional",2670719,2653027,355945908,10466776,92321732,178178498,57917397,"301_trimmed_filt_merged.1.fq.gz","Conventional base calls","Sanger / Illumina 1.9",10466776,0,"20-141",34,26.1872504124447,118.846240332267,137,"pass","pass","pass","pass","fail","pass","pass","warn","fail","warn","pass","lib14_301"
"296","302","lib14",1634140,89795,766,1892241,496918,6308333,1504539,50.6164832053781,6.6,1,25.1,0,0,"directional",816803,816571,103518603,3228474,26873449,49134056,18813606,"302_trimmed_filt_merged.1.fq.gz","Conventional base calls","Sanger / Illumina 1.9",3228474,0,"20-141",36,37.9608472876107,111.693146979037,137,"pass","pass","pass","pass","fail","pass","pass","warn","fail","warn","pass","lib14_302"
"297","303","lib14",1891643,121389,780,2179640,572554,6895759,1605305,52.2793482199143,6.8,1,25.8,0,0,"directional",947218,943645,115201487,3618337,29893488,55838519,19821527,"303_trimmed_filt_merged.1.fq.gz","Conventional base calls","Sanger / Illumina 1.9",3618337,0,"20-141",35,36.488055945008,109.407585584206,137,"pass","pass","pass","pass","fail","warn","pass","warn","fail","warn","pass","lib14_303"
"298","304","lib14",1444917,87713,571,1664048,438803,5438128,1270533,51.5459500571319,6.6,1,26,0,0,"directional",724395,719951,90388425,2803163,23481131,43918653,15447662,"304_trimmed_filt_merged.1.fq.gz","Conventional base calls","Sanger / Illumina 1.9",2803163,0,"20-141",35,37.5908448453549,112.336246590013,137,"pass","pass","pass","pass","fail","pass","pass","warn","fail","fail","pass","lib14_304"
"299","335","lib14",3972855,236145,1722,4716500,1629245,13972655,4122376,47.6854603609296,6.6,1.3,23.4,0,0,"directional",1998764,1972369,260735804,8331376,66655865,128053808,45707731,"335_trimmed_filt_merged.1.fq.gz","Conventional base calls","Sanger / Illumina 1.9",8331376,0,"20-141",34,27.5642201711341,115.93014203176,137,"pass","pass","pass","pass","fail","pass","pass","warn","fail","fail","pass","lib14_335"
"300","349","lib14",1823292,90365,769,2134298,684508,6975594,1772072,49.4689652983168,6.2,1,26.8,0,0,"directional",914105,908418,125705350,3685729,32083780,64790008,19037162,"349_trimmed_filt_merged.1.fq.gz","Conventional base calls","Sanger / Illumina 1.9",3685729,0,"20-141",33,32.2590127412815,124.09842828922,137,"pass","pass","pass","pass","fail","pass","pass","warn","fail","warn","pass","lib14_349"
"301","350","lib14",2391072,117937,1012,2772172,824237,9131308,2393528,48.7721357329889,6.2,1,25.9,0,0,"directional",1195979,1194081,163871615,4902537,41769765,83226197,26147936,"350_trimmed_filt_merged.1.fq.gz","Conventional base calls","Sanger / Illumina 1.9",4902537,0,"20-141",33,31.4953305014491,122.536745362656,137,"pass","pass","pass","pass","fail","warn","pass","warn","fail","warn","pass","lib14_350"
"302","351","lib14",6095155,292699,2693,7099851,2190120,23527669,6072717,48.9155352511534,6.2,1,26.4,0,0,"directional",3055578,3036884,421852458,12460571,107738367,215558916,65737535,"351_trimmed_filt_merged.1.fq.gz","Conventional base calls","Sanger / Illumina 1.9",12460571,0,"20-141",33,24.4894412495369,123.835792597306,137,"pass","pass","pass","pass","fail","warn","pass","warn","fail","warn","pass","lib14_351"
"303","3","lib14",2158430,125749,1077,2488391,688925,8898898,1779401,53.1164638077754,6.1,0.9,28.6,0,0,"directional",1079861,1077492,144624465,4063580,38138328,72156464,22253459,"3_trimmed_filt_merged.1.fq.gz","Conventional base calls","Sanger / Illumina 1.9",4063580,0,"20-141",34,31.9401464232833,120.825742325732,137,"pass","pass","pass","pass","fail","pass","pass","warn","fail","fail","pass","lib14_3"
"304","401","lib14",1800751,99557,922,2101600,644415,7731182,2040545,45.6944473696431,6.2,1,27.2,0,0,"directional",899888,899941,124210473,3940853,31613425,61391822,20728029,"401_trimmed_filt_merged.1.fq.gz","Conventional base calls","Sanger / Illumina 1.9",3940853,0,"20-141",34,32.497455531775,120.283925332916,137,"pass","pass","pass","pass","fail","warn","pass","warn","fail","warn","pass","lib14_401"
"305","40","lib14",1410559,94341,669,1623033,416022,6542098,1306978,50.1643030031886,6.4,0.9,31.8,0,0,"directional",704169,705721,90391058,2811878,23830114,43933815,14045976,"40_trimmed_filt_merged.1.fq.gz","Conventional base calls","Sanger / Illumina 1.9",2811878,0,"20-141",35,37.9608575041471,112.316113999256,137,"pass","pass","pass","pass","fail","pass","pass","warn","fail","warn","pass","lib14_40"
"306","41","lib14",6041450,276893,2840,6987893,2139977,24304499,5675634,50.3706985597855,6,1,27.7,0,0,"directional",3025647,3012963,421455751,11993977,108528241,215995189,63499952,"41_trimmed_filt_merged.1.fq.gz","Conventional base calls","Sanger / Illumina 1.9",11993977,0,"20-141",33,24.0721236213854,124.676373983375,137,"pass","pass","pass","pass","fail","pass","pass","warn","fail","warn","pass","lib14_41"
"307","56","lib14",2234680,111077,748,2582349,729862,8639082,1894088,52.7066437570241,6.3,0.9,27.9,0,0,"directional",1117553,1116379,149505912,4239845,38490463,76726999,22337157,"56_trimmed_filt_merged.1.fq.gz","Conventional base calls","Sanger / Illumina 1.9",4239845,0,"20-141",33,38.2983907773137,120.723914435551,137,"pass","pass","pass","pass","fail","pass","pass","warn","fail","warn","pass","lib14_56"
"308","5","lib14",2589863,159469,1198,2967641,764861,10031611,2438528,49.9216054403935,6.3,0.9,26.7,0,0,"directional",1295659,1293006,166363835,5187860,43896281,81209923,27493518,"5_trimmed_filt_merged.1.fq.gz","Conventional base calls","Sanger / Illumina 1.9",5187860,0,"20-141",35,32.865010634503,113.17784269429,137,"pass","pass","pass","pass","fail","warn","pass","warn","fail","warn","pass","lib14_5"
"309","104","lib15",1598454,100348,788,1845904,533105,6098195,1670080,47.4476102160895,6.6,1,26.3,0,0,"directional",800727,796939,102845134,3368882,25976106,51330963,17060861,"104_trimmed_filt_merged.1.fq.gz","Conventional base calls","Sanger / Illumina 1.9",3368882,0,"20-141",33,36.6413416304445,112.720580893008,137,"pass","pass","pass","pass","fail","pass","pass","warn","fail","warn","pass","lib15_104"
"310","105","lib15",1924912,124632,801,2245948,671157,6643716,1947481,48.1586179721168,7.1,1.2,23.8,0,0,"directional",964583,959528,116346788,3997025,29224636,56266848,21294483,"105_trimmed_filt_merged.1.fq.gz","Conventional base calls","Sanger / Illumina 1.9",3997025,0,"20-141",34,39.0114768735018,105.30599783589,137,"pass","pass","pass","pass","fail","pass","pass","warn","fail","warn","pass","lib15_105"
"311","124","lib15",3892819,199791,996,4462168,1258325,14047833,2814339,56.360905517038,6.4,0.9,28.3,0,0,"directional",1945834,1945989,255226988,6906949,65011410,134788115,35659137,"124_trimmed_filt_merged.1.fq.gz","Conventional base calls","Sanger / Illumina 1.9",6906949,0,"20-141",31,27.741759885377,119.824694376634,137,"pass","pass","pass","pass","fail","warn","pass","warn","fail","warn","pass","lib15_124"
"312","125","lib15",1347216,94345,640,1607089,544069,5344262,1502195,45.7652060836564,7,1.3,26.1,0,0,"directional",675538,671038,84363205,2943756,21258865,40447591,15161329,"125_trimmed_filt_merged.1.fq.gz","Conventional base calls","Sanger / Illumina 1.9",2943756,0,"20-141",34,40.2886160630924,107.927501124414,137,"pass","pass","pass","pass","fail","pass","pass","warn","fail","warn","pass","lib15_125"
"313","403","lib15",7109111,547017,2978,7947759,2017543,23814753,6348871,50.7612388976251,6.7,0.9,25.9,0,0,"directional",3569269,3536864,432135404,14004999,110480921,219715319,68159109,"403_trimmed_filt_merged.1.fq.gz","Conventional base calls","Sanger / Illumina 1.9",14004999,0,"20-141",33,24.7991830823297,108.342993098393,137,"pass","pass","pass","pass","fail","pass","pass","warn","fail","warn","pass","lib15_403"
"314","404","lib15",5369933,412371,2261,5934294,1390014,18029672,4749624,50.9871791755508,6.7,0.8,26,0,0,"directional",2697403,2670269,321971079,10531928,82444626,162831999,51340474,"404_trimmed_filt_merged.1.fq.gz","Conventional base calls","Sanger / Illumina 1.9",10531928,0,"20-141",33,27.7792567351621,106.421009904359,137,"pass","pass","pass","pass","fail","pass","pass","warn","fail","warn","pass","lib15_404"
"315","405","lib15",5099176,379458,1954,5689598,1341228,18354500,4553177,50.8300644818767,6.7,0.9,27.6,0,0,"directional",2551045,2546177,305717183,10031811,78672152,153558869,48100836,"405_trimmed_filt_merged.1.fq.gz","Conventional base calls","Sanger / Illumina 1.9",10031811,0,"20-141",34,28.5094713158541,105.497325657351,137,"pass","pass","pass","pass","fail","pass","pass","warn","fail","warn","pass","lib15_405"
"316","406","lib15",4914149,346275,1937,5454657,1297869,17602874,4367539,51.0403810234834,6.6,0.8,26.8,0,0,"directional",2459008,2453204,301859734,9627963,77430745,152115891,47957698,"406_trimmed_filt_merged.1.fq.gz","Conventional base calls","Sanger / Illumina 1.9",9627963,0,"20-141",33,27.3534015484092,108.705026078725,137,"pass","pass","pass","pass","fail","pass","pass","warn","fail","warn","pass","lib15_406"
"317","419","lib15",2946787,245644,1287,3285764,752537,10624337,2744610,49.6339338064197,7,0.9,27.8,0,0,"directional",1479282,1466218,170392219,5937041,43932907,84243390,27553284,"419_trimmed_filt_merged.1.fq.gz","Conventional base calls","Sanger / Illumina 1.9",5937041,0,"20-141",34,37.5989820870362,101.676789498338,127,"pass","pass","pass","pass","fail","pass","pass","warn","fail","warn","pass","lib15_419"
"318","420","lib15",1815339,136417,663,2011106,448469,6393863,1609748,50.9711346667026,6.7,0.8,25.8,0,0,"directional",911317,903359,110199707,3561504,28039400,54959447,18347422,"420_trimmed_filt_merged.1.fq.gz","Conventional base calls","Sanger / Illumina 1.9",3561504,0,"20-141",33,36.2020373378377,107.37621325148,137,"pass","pass","pass","pass","fail","pass","pass","warn","fail","warn","pass","lib15_420"
"319","57","lib15",4649039,318181,1710,5132102,1207176,17464558,3682267,53.7493032823796,6.3,0.8,30,0,0,"directional",2335709,2311620,295700361,8649487,76502459,154730406,40663660,"57_trimmed_filt_merged.1.fq.gz","Conventional base calls","Sanger / Illumina 1.9",8649487,0,"20-141",33,26.0488478900664,114.758627419175,137,"pass","pass","pass","pass","fail","warn","pass","warn","fail","warn","pass","lib15_57"
"320","58","lib15",6119184,402378,2293,6793803,1549795,21991978,4842045,53.8489583457084,6.5,0.8,28.2,0,0,"directional",3066122,3050769,379776690,11363607,98322086,195039855,56079173,"58_trimmed_filt_merged.1.fq.gz","Conventional base calls","Sanger / Illumina 1.9",11363607,0,"20-141",33,26.0868647598586,110.705596735262,137,"pass","pass","pass","pass","fail","pass","pass","warn","fail","warn","pass","lib15_58"
"321","61","lib15",4068221,209227,1401,4630208,1176922,15315634,3180772,54.5468087559766,6.4,0.9,27.1,0,0,"directional",2033113,2033707,264703775,7458220,67746997,134626442,41207572,"61_trimmed_filt_merged.1.fq.gz","Conventional base calls","Sanger / Illumina 1.9",7458220,0,"20-141",33,29.3196384230264,115.644643091783,137,"pass","pass","pass","pass","fail","pass","pass","warn","fail","warn","pass","lib15_61"
"322","62","lib15",4068740,242312,1397,4604515,1166766,14845257,3086629,55.0002088492326,6.5,0.9,28.1,0,0,"directional",2034895,2032448,258385875,7397681,66002048,133797316,37969973,"62_trimmed_filt_merged.1.fq.gz","Conventional base calls","Sanger / Illumina 1.9",7397681,0,"20-141",32,28.809653267784,114.119722653626,137,"pass","pass","pass","pass","fail","pass","pass","warn","fail","warn","pass","lib15_62"
"323","73","lib15",2940775,177285,847,3333828,894013,11428446,2406953,53.2265715935872,6.4,0.9,30.2,0,0,"directional",1475508,1464420,189777467,5525013,48489872,99249973,26381335,"73_trimmed_filt_merged.1.fq.gz","Conventional base calls","Sanger / Illumina 1.9",5525013,0,"20-141",32,30.07258447942,116.217909351526,137,"pass","pass","pass","pass","fail","warn","pass","warn","fail","warn","pass","lib15_73"
"324","74","lib15",3248298,182956,980,3673781,968714,11237377,2329779,56.3839505866396,6.4,0.9,27.8,0,0,"directional",1626547,1620771,210490517,5761033,53954594,111421859,29234192,"74_trimmed_filt_merged.1.fq.gz","Conventional base calls","Sanger / Illumina 1.9",5761033,0,"20-141",31,29.0438650391395,118.245338466209,137,"pass","pass","pass","pass","fail","warn","pass","warn","fail","warn","pass","lib15_74"
"325","75","lib15",5283860,283923,1731,5974632,1530213,17542729,3735998,56.7926093703194,6.4,0.9,25.3,0,0,"directional",2642186,2639943,343256820,9303781,87939117,178481974,51788155,"75_trimmed_filt_merged.1.fq.gz","Conventional base calls","Sanger / Illumina 1.9",9303781,0,"20-141",32,25.8927475967988,117.225424803099,137,"pass","pass","pass","pass","fail","pass","pass","warn","fail","warn","pass","lib15_75"
"326","76","lib15",4813310,268236,1724,5445027,1428837,16121788,3476394,56.2437923145056,6.4,0.9,26.7,0,0,"directional",2408982,2402604,310252452,8557940,79388395,163520860,44347545,"76_trimmed_filt_merged.1.fq.gz","Conventional base calls","Sanger / Illumina 1.9",8557940,0,"20-141",31,26.4288470319748,117.55506266695,137,"pass","pass","pass","pass","fail","warn","pass","warn","fail","warn","pass","lib15_76"
"327","88","lib15",3890941,236562,1462,4396207,1185979,14236520,3156027,53.4210884008166,6.4,0.9,28,0,0,"directional",1950274,1939205,252711631,7283530,64740265,131496311,36656349,"88_trimmed_filt_merged.1.fq.gz","Conventional base calls","Sanger / Illumina 1.9",7283530,0,"20-141",32,28.4161293691632,116.235442704293,137,"pass","pass","pass","pass","fail","pass","pass","warn","fail","warn","pass","lib15_88"
"328","89","lib15",3704061,223531,1492,4205974,1086156,13961498,3092035,52.767205436984,6.5,0.9,27.9,0,0,"directional",1851960,1850609,238773143,7019627,60999610,122521561,35998344,"89_trimmed_filt_merged.1.fq.gz","Conventional base calls","Sanger / Illumina 1.9",7019627,0,"20-141",32,29.423090190107,114.712197528444,137,"pass","pass","pass","pass","fail","pass","pass","warn","fail","warn","pass","lib15_89"
"329","91","lib15",6071469,351095,2531,6928084,1921883,22955192,5376172,51.4586392983113,6.4,0.9,28,0,0,"directional",3036262,3032676,392635846,11798736,100620741,201038576,59171370,"91_trimmed_filt_merged.1.fq.gz","Conventional base calls","Sanger / Illumina 1.9",11798736,0,"20-141",33,25.9789888340989,114.297349817811,137,"pass","pass","pass","pass","fail","pass","pass","warn","fail","warn","pass","lib15_91"
"330","92","lib15",2348442,129061,880,2715619,831795,8557485,2200191,50.2051224385349,6.5,1,27.4,0,0,"directional",1179537,1168025,152121680,4677694,38773034,78533995,22709752,"92_trimmed_filt_merged.1.fq.gz","Conventional base calls","Sanger / Illumina 1.9",4677694,0,"20-141",32,35.1432541760099,116.27712394184,137,"pass","pass","pass","pass","fail","warn","pass","warn","fail","warn","pass","lib15_92"
"331","137","lib16",4005661,270013,1793,4613279,1267730,13151868,3992911,48.4443347924705,7.1,1.1,23.6,0,0,"directional",2004704,1999164,238593434,8268585,60423909,116503836,42632812,"137_trimmed_filt_merged.1.fq.gz","Conventional base calls","Sanger / Illumina 1.9",8268585,0,"20-141",34,35.8602892028514,104.546142175475,137,"pass","pass","pass","pass","fail","pass","pass","warn","fail","warn","pass","lib16_137"
"332","138","lib16",1945128,133878,786,2243692,627957,6630682,1922587,48.6088415288611,7.2,1.1,24.8,0,0,"directional",974432,969910,114207306,4001593,28778844,55816262,20109869,"138_trimmed_filt_merged.1.fq.gz","Conventional base calls","Sanger / Illumina 1.9",4001593,0,"20-141",34,39.3995215389939,102.540505993488,127,"pass","pass","pass","pass","fail","pass","pass","warn","fail","warn","pass","lib16_138"
"333","139","lib16",3263389,210903,1441,3771426,1060742,11358316,3195285,48.9294748377596,7.1,1.1,25.3,0,0,"directional",1631824,1630124,196578023,6669577,49668259,97246467,33472813,"139_trimmed_filt_merged.1.fq.gz","Conventional base calls","Sanger / Illumina 1.9",6669577,0,"20-141",34,33.4696523612605,105.88489989695,137,"pass","pass","pass","pass","fail","pass","pass","warn","fail","warn","pass","lib16_139"
"334","144","lib16",4809706,329836,1807,5541708,1622008,16254183,4565187,49.5604359482887,7.2,1.1,25.7,0,0,"directional",2415205,2392694,286252025,9704729,71961605,143788715,47083806,"144_trimmed_filt_merged.1.fq.gz","Conventional base calls","Sanger / Illumina 1.9",9704729,0,"20-141",33,29.9561498453912,105.723695736378,137,"pass","pass","pass","pass","fail","pass","pass","warn","fail","warn","pass","lib16_144"
"335","145","lib16",3234528,194946,1246,3728937,1043902,11642735,3090755,49.6075828011562,6.9,1,25.7,0,0,"directional",1619307,1613975,199597158,6520229,50606858,98945786,33628940,"145_trimmed_filt_merged.1.fq.gz","Conventional base calls","Sanger / Illumina 1.9",6520229,0,"20-141",34,32.461006001035,108.154727387642,137,"pass","pass","pass","pass","fail","pass","pass","warn","fail","warn","pass","lib16_145"
"336","147","lib16",4903593,352521,2046,5628663,1668676,15310601,4501100,50.2560771958061,7,1.1,24.5,0,0,"directional",2460503,2441044,294608360,9757214,74610765,150210638,47179017,"147_trimmed_filt_merged.1.fq.gz","Conventional base calls","Sanger / Illumina 1.9",9757214,0,"20-141",32,29.3250752875119,107.129972346615,137,"pass","pass","pass","pass","fail","pass","pass","warn","fail","warn","pass","lib16_147"
"337","148","lib16",6477079,411296,2449,7339205,1867030,20752043,5198512,53.5876524699867,6.8,0.9,25.2,0,0,"directional",3238617,3236013,391677659,12086887,100387167,199711868,61620346,"148_trimmed_filt_merged.1.fq.gz","Conventional base calls","Sanger / Illumina 1.9",12086887,0,"20-141",33,28.2971005609327,107.309153217036,137,"pass","pass","pass","pass","fail","pass","pass","warn","fail","warn","pass","lib16_148"
"338","149","lib16",6533144,434385,2609,7495904,2217285,20270437,5959189,50.539850873207,6.9,1.1,24,0,0,"directional",3278215,3252320,399429626,12926718,101074881,204278914,64092205,"149_trimmed_filt_merged.1.fq.gz","Conventional base calls","Sanger / Illumina 1.9",12926718,0,"20-141",32,27.1632471988557,109.2159607721,137,"pass","pass","pass","pass","fail","pass","pass","warn","fail","warn","pass","lib16_149"
"339","150","lib16",5107104,345278,2211,6035163,2094072,16525336,4966332,49.0185640953384,7.1,1.3,24.4,0,0,"directional",2566792,2538101,313064196,10418714,79276297,157802740,51330588,"150_trimmed_filt_merged.1.fq.gz","Conventional base calls","Sanger / Illumina 1.9",10418714,0,"20-141",33,29.5105148767282,108.697743886626,137,"pass","pass","pass","pass","fail","pass","pass","warn","fail","warn","pass","lib16_150"
"340","221","lib16",5415,304,0,6393,2103,18184,5037,50.3439940498327,6.9,1.2,25,0,0,"directional",2703,2712,340764,10756,86842,172671,54571,"221_trimmed_filt_merged.1.fq.gz","Conventional base calls","Sanger / Illumina 1.9",10756,0,"20-141",32,76.4782447006322,112.834603941986,137,"pass","pass","fail","pass","fail","pass","pass","warn","pass","warn","pass","lib16_221"
"341","222","lib16",2400669,163832,1233,2755235,761329,10077940,2373148,48.6196770973392,6.8,1.1,29.7,0,0,"directional",1200491,1198945,146572891,4937649,37791891,71373632,23812864,"222_trimmed_filt_merged.1.fq.gz","Conventional base calls","Sanger / Illumina 1.9",4937649,0,"20-141",35,37.0940803237912,104.781018051303,137,"pass","pass","pass","pass","fail","pass","pass","warn","fail","warn","pass","lib16_222"
"342","233","lib16",1557858,97429,575,1817888,593615,5720093,1375229,51.4057012073192,6.7,1.1,29.9,0,0,"directional",782373,774910,99273220,3030516,25280577,52420666,13440381,"233_trimmed_filt_merged.1.fq.gz","Conventional base calls","Sanger / Illumina 1.9",3030516,0,"20-141",32,39.8772685788645,117.008898154638,137,"pass","pass","pass","pass","fail","warn","pass","warn","fail","warn","pass","lib16_233"
"343","236","lib16",1825465,102825,722,2138074,684745,6591686,1610847,51.5793822053229,6.7,1.1,27.8,0,0,"directional",914221,910522,117192726,3539137,29749172,60901746,17127303,"236_trimmed_filt_merged.1.fq.gz","Conventional base calls","Sanger / Illumina 1.9",3539137,0,"20-141",32,36.0359625605308,116.188058557778,137,"pass","pass","pass","pass","fail","pass","pass","warn","fail","warn","pass","lib16_236"
"344","237","lib16",1829620,101540,594,2143965,702140,6857431,1513494,53.1147685660156,6.6,1.1,30.9,0,0,"directional",916122,912904,119432919,3444654,30408724,64014068,15306591,"237_trimmed_filt_merged.1.fq.gz","Conventional base calls","Sanger / Illumina 1.9",3444654,0,"20-141",31,34.8816151532767,120.632492261922,137,"pass","pass","pass","pass","fail","warn","pass","warn","fail","warn","pass","lib16_237"
"345","241","lib16",2612396,153289,892,3040179,935219,9096199,2381658,50.752320177614,6.9,1.1,26.7,0,0,"directional",1307373,1304131,162288473,5147343,41017355,83165641,25033880,"241_trimmed_filt_merged.1.fq.gz","Conventional base calls","Sanger / Illumina 1.9",5147343,0,"20-141",32,33.7259447740015,111.761971759022,137,"pass","pass","pass","pass","fail","pass","pass","warn","fail","warn","pass","lib16_241"
"346","242","lib16",2440340,150044,879,2850116,879049,8672270,2312698,49.7715518524879,6.9,1.1,26.1,0,0,"directional",1223280,1216181,151511236,4903082,38214245,76341870,24553686,"242_trimmed_filt_merged.1.fq.gz","Conventional base calls","Sanger / Illumina 1.9",4903082,0,"20-141",33,35.0241113485701,110.201407808395,137,"pass","pass","pass","pass","fail","pass","pass","warn","fail","warn","pass","lib16_242"
"347","412","lib16",4356268,297105,1627,5006000,1480620,14297766,3767463,51.7320133060423,6.8,1.1,25.2,0,0,"directional",2187494,2167147,269060604,8420836,68394934,137344747,42536537,"412_trimmed_filt_merged.1.fq.gz","Conventional base calls","Sanger / Illumina 1.9",8420836,0,"20-141",33,29.3101174719051,110.703488465991,137,"pass","pass","pass","pass","fail","pass","pass","warn","fail","warn","pass","lib16_412"
"348","413","lib16",3875194,268705,1441,4453403,1326543,12308126,3289613,52.1314016846949,6.9,1.1,25.8,0,0,"directional",1945746,1928007,234708631,7433512,59681137,121512374,35427048,"413_trimmed_filt_merged.1.fq.gz","Conventional base calls","Sanger / Illumina 1.9",7433512,0,"20-141",32,30.850847931223,109.597314163211,137,"pass","pass","pass","pass","fail","pass","pass","warn","fail","warn","pass","lib16_413"
"349","414","lib16",3308155,283145,1560,3769602,1091733,11295285,3295639,48.0352011249119,7,1.1,25,0,0,"directional",1665107,1641488,196904381,6886939,49866778,97007416,33873567,"414_trimmed_filt_merged.1.fq.gz","Conventional base calls","Sanger / Illumina 1.9",6886939,0,"20-141",34,32.509836354708,104.012523270498,137,"pass","pass","pass","pass","fail","pass","pass","warn","fail","warn","pass","lib16_414"
"350","448","lib16",2095636,172779,895,2390769,692560,7313988,2148863,47.4417956035368,7.1,1.2,25.2,0,0,"directional",1056099,1038642,122728724,4417278,31253589,59360595,21717223,"448_trimmed_filt_merged.1.fq.gz","Conventional base calls","Sanger / Illumina 1.9",4417278,0,"20-141",35,38.2340233291906,100.979844827516,117,"pass","pass","pass","pass","fail","pass","pass","warn","fail","fail","pass","lib16_448"
"351","449","lib16",3769007,247137,1290,4347884,1265423,12956468,3242925,51.9213552040902,6.8,1,27.3,0,0,"directional",1885994,1881723,232659814,7259069,59245805,120293607,34550627,"449_trimmed_filt_merged.1.fq.gz","Conventional base calls","Sanger / Illumina 1.9",7259069,0,"20-141",32,30.6058964866442,111.571106019243,137,"pass","pass","pass","pass","fail","pass","pass","warn","fail","warn","pass","lib16_449"
"352","450","lib16",3552595,269386,1599,4045190,1115162,13059839,3442031,48.9067887002389,7,1.1,27.5,0,0,"directional",1777155,1773841,211852689,7264012,54133109,105078828,34420561,"450_trimmed_filt_merged.1.fq.gz","Conventional base calls","Sanger / Illumina 1.9",7264012,0,"20-141",34,33.1002099593107,104.381141578511,137,"pass","pass","pass","pass","fail","pass","pass","warn","fail","warn","pass","lib16_450"
"353","259","lib17",6644728,544590,3312,7767020,2635315,25773854,6958415,46.9667331154751,6.9,1.2,28.7,0,0,"directional",3347138,3294278,414309602,14147733,105433153,208581128,64119132,"259_trimmed_filt_merged.1.fq.gz","Conventional base calls","Sanger / Illumina 1.9",14147733,0,"20-141",34,26.2622238729089,110.293529712499,137,"pass","pass","pass","pass","fail","pass","pass","warn","fail","warn","pass","lib17_259"
"354","260","lib17",9111060,638682,3415,10748138,3822746,32009487,8215239,50.7156673307921,6.8,1.2,27.8,0,0,"directional",4579439,4528206,580449919,17964981,147312560,303267065,83289923,"260_trimmed_filt_merged.1.fq.gz","Conventional base calls","Sanger / Illumina 1.9",17964981,0,"20-141",32,23.7349713516115,116.18693189823,137,"pass","pass","pass","pass","fail","pass","pass","warn","fail","warn","pass","lib17_260"
"355","311","lib17",4208748,297750,1746,4972638,1777516,14557842,4312429,47.7240371759512,7,1.4,24.1,0,0,"directional",2124613,2082389,261785725,8818927,66044443,128645377,45787909,"311_trimmed_filt_merged.1.fq.gz","Conventional base calls","Sanger / Illumina 1.9",8818927,0,"20-141",34,29.0143817599576,109.381928436419,137,"pass","pass","pass","pass","fail","pass","pass","warn","fail","fail","pass","lib17_311"
"356","312","lib17",8910506,582527,3381,10514577,3539937,32065830,8053034,50.7834946714839,6.8,1.2,27.4,0,0,"directional",4465271,4441854,570981988,17546067,144871171,295184074,84806399,"312_trimmed_filt_merged.1.fq.gz","Conventional base calls","Sanger / Illumina 1.9",17546067,0,"20-141",32,24.0835094932649,116.328913710406,137,"pass","pass","pass","pass","fail","pass","pass","warn","fail","warn","pass","lib17_312"
"357","313","lib17",937635,77298,285,1114990,423035,3648250,907752,48.7669587061843,7.1,1.4,33.1,0,0,"directional",473055,464295,58074911,1922685,14602625,30897958,7388053,"313_trimmed_filt_merged.1.fq.gz","Conventional base calls","Sanger / Illumina 1.9",1922685,0,"20-141",32,41.1924144549781,114.541161968809,137,"pass","pass","pass","pass","fail","warn","pass","warn","fail","fail","pass","lib17_313"
"358","322","lib17",3911985,284830,2391,5052378,2393448,16880080,4838576,43.2962447336258,7.4,1.9,28,0,0,"directional",1963414,1946180,252003366,9035391,63489042,120768983,43419435,"322_trimmed_filt_merged.1.fq.gz","Conventional base calls","Sanger / Illumina 1.9",9035391,0,"20-141",35,30.0644155814654,111.418666663125,137,"pass","pass","pass","pass","fail","pass","pass","warn","fail","fail","pass","lib17_322"
"359","323","lib17",5119419,378830,2302,5999329,1909927,19133713,5060929,48.4831205610891,7,1.2,28.2,0,0,"directional",2566946,2550171,313715304,10559178,79809072,158063930,48799333,"323_trimmed_filt_merged.1.fq.gz","Conventional base calls","Sanger / Illumina 1.9",10559178,0,"20-141",33,31.6260404556888,110.137208881222,137,"pass","pass","pass","pass","fail","pass","pass","warn","fail","warn","pass","lib17_323"
"360","329","lib17",1837778,136406,869,2225102,821051,7219780,2189280,44.1406002309615,7,1.4,26.6,0,0,"directional",922534,914375,117313400,4163464,29372636,57707704,19967127,"329_trimmed_filt_merged.1.fq.gz","Conventional base calls","Sanger / Illumina 1.9",4163464,0,"20-141",34,33.9632418559081,112.822494442128,137,"pass","pass","pass","pass","fail","pass","pass","warn","fail","fail","pass","lib17_329"
"361","330","lib17",5238338,301091,1890,6233719,2201237,19341818,4811604,50.6069104407261,6.8,1.2,27.9,0,0,"directional",2629564,2606884,340169891,10351033,85971965,176503984,49917168,"330_trimmed_filt_merged.1.fq.gz","Conventional base calls","Sanger / Illumina 1.9",10351033,0,"20-141",32,26.5456740358607,117.90146355441,137,"pass","pass","pass","pass","fail","pass","pass","warn","fail","warn","pass","lib17_330"
"362","331","lib17",2433997,154382,846,2924726,1074013,8818027,2379477,48.9949185322602,7,1.3,26.1,0,0,"directional",1222477,1210674,155262663,4967856,38944106,78548205,24953586,"331_trimmed_filt_merged.1.fq.gz","Conventional base calls","Sanger / Illumina 1.9",4967856,0,"20-141",33,32.5728199078865,114.81877856363,137,"pass","pass","pass","pass","fail","pass","pass","warn","fail","warn","pass","lib17_331"
"363","332","lib17",4259638,270261,1808,5015930,1730317,15202817,4138087,49.142188277646,6.7,1.2,25.5,0,0,"directional",2140400,2117430,274002727,8667986,69362014,138261939,44429710,"332_trimmed_filt_merged.1.fq.gz","Conventional base calls","Sanger / Illumina 1.9",8667986,0,"20-141",33,28.3514557661665,114.17918349199,137,"pass","pass","pass","pass","fail","pass","pass","warn","fail","warn","pass","lib17_332"
"364","333","lib17",6773712,420394,2716,8081385,3033035,24369310,6282859,50.2614052941445,6.6,1.3,26.9,0,0,"directional",3404470,3366526,450144054,13476965,113616378,234707648,66336298,"333_trimmed_filt_merged.1.fq.gz","Conventional base calls","Sanger / Illumina 1.9",13476965,0,"20-141",32,24.423928247465,120.846716378651,137,"pass","pass","pass","pass","fail","pass","pass","warn","fail","warn","pass","lib17_333"
"365","334","lib17",7117457,434050,2931,8418371,2925272,25833979,6435919,50.8846802835633,6.7,1.2,27,0,0,"directional",3570729,3543797,463273239,13987426,117592486,238582788,69920343,"334_trimmed_filt_merged.1.fq.gz","Conventional base calls","Sanger / Illumina 1.9",13987426,0,"20-141",32,24.9610690833822,117.213069438223,137,"pass","pass","pass","pass","fail","pass","pass","warn","fail","warn","pass","lib17_334"
"366","342","lib17",4356390,299950,1885,5155092,1869783,17036660,4275300,48.7748050749918,6.6,1.3,28,0,0,"directional",2197030,2157475,285955393,8931640,72545759,145614326,43733773,"342_trimmed_filt_merged.1.fq.gz","Conventional base calls","Sanger / Illumina 1.9",8931640,0,"20-141",33,27.1821007036877,116.822898930096,137,"pass","pass","pass","pass","fail","pass","pass","warn","fail","warn","pass","lib17_342"
"367","343","lib17",5124445,302676,2234,6110832,2152094,20254659,4761776,50.2944038005291,6.5,1.2,29,0,0,"directional",2564558,2557653,344170057,10188897,87578680,178524651,49549141,"343_trimmed_filt_merged.1.fq.gz","Conventional base calls","Sanger / Illumina 1.9",10188897,0,"20-141",32,25.6104443473272,121.141723878453,137,"pass","pass","pass","pass","fail","pass","pass","warn","fail","warn","pass","lib17_343"
"368","344","lib17",883639,59550,577,1056056,334070,4084898,1016123,45.099453277477,6.3,1.2,25.9,0,0,"directional",441077,441985,59498108,1959312,15583705,26747994,11691385,"344_trimmed_filt_merged.1.fq.gz","Conventional base calls","Sanger / Illumina 1.9",1959312,0,"20-141",38,41.4434755662055,112.719214703937,137,"pass","pass","pass","pass","fail","pass","pass","warn","fail","warn","pass","lib17_344"
"369","367","lib17",920616,57188,461,1130042,386707,3970261,1023770,45.9946022480308,6.3,1.3,24,0,0,"directional",461127,459028,64257541,2001574,16865602,29299500,12605429,"367_trimmed_filt_merged.1.fq.gz","Conventional base calls","Sanger / Illumina 1.9",2001574,0,"20-141",37,40.2640015522777,119.569072639832,137,"pass","pass","pass","pass","fail","warn","pass","warn","fail","warn","pass","lib17_367"
"370","368","lib17",256999,14824,98,316694,110151,1174891,265846,47.7987386291566,6.3,1.3,26.6,0,0,"directional",128804,128097,17917101,537669,4745742,8322398,3247225,"368_trimmed_filt_merged.1.fq.gz","Conventional base calls","Sanger / Illumina 1.9",537669,0,"20-141",37,53.9028653955951,120.159103463283,137,"pass","pass","warn","pass","fail","warn","pass","warn","warn","warn","pass","lib17_368"
"371","369","lib17",671503,38962,372,823989,278284,3213762,747496,46.0576791834624,6.2,1.3,27.3,0,0,"directional",335921,335210,47040222,1457961,12407622,21737961,8578604,"369_trimmed_filt_merged.1.fq.gz","Conventional base calls","Sanger / Illumina 1.9",1457961,0,"20-141",37,43.6601414049621,119.299746701043,137,"pass","pass","warn","pass","fail","warn","pass","warn","fail","warn","pass","lib17_369"
"372","421","lib17",1256681,67547,622,1539375,525258,6021406,1270933,48.4240091462534,6.1,1.2,27.6,0,0,"directional",628069,627990,89785574,2595161,23821959,42110048,15767528,"421_trimmed_filt_merged.1.fq.gz","Conventional base calls","Sanger / Illumina 1.9",2595161,0,"20-141",37,35.5633408461394,122.877132478486,137,"pass","pass","pass","pass","fail","warn","pass","warn","fail","warn","pass","lib17_421"
"373","422","lib17",374381,22466,178,456147,155697,1747399,372226,48.6795141683559,6.3,1.3,28.5,0,0,"directional",187830,186373,25637229,769073,6801340,12095487,4381159,"422_trimmed_filt_merged.1.fq.gz","Conventional base calls","Sanger / Illumina 1.9",769073,0,"20-141",37,52.7647246145951,119.027288696912,137,"pass","pass","warn","pass","fail","warn","pass","warn","warn","warn","pass","lib17_422"
"374","70","lib17",3849205,262320,1118,4482587,1526329,15409072,3230171,52.4293705432641,6.7,1.2,34.2,0,0,"directional",1935987,1912100,244460051,7341696,62910217,130505802,29626044,"70_trimmed_filt_merged.1.fq.gz","Conventional base calls","Sanger / Illumina 1.9",7341696,0,"20-141",32,28.4211421341578,116.221957841894,137,"pass","pass","pass","pass","fail","warn","pass","warn","fail","fail","pass","lib17_70"
"375","146","lib18",3579091,288667,1524,4169793,1325965,11053224,3363357,49.495700179018,7.6,1.3,23.5,0,0,"directional",1800361,1777206,202389955,7231115,51046839,98854618,35939516,"146_trimmed_filt_merged.1.fq.gz","Conventional base calls","Sanger / Illumina 1.9",7231115,0,"20-141",33,32.8996269843185,98.3371077627724,117,"pass","pass","pass","pass","fail","pass","pass","warn","fail","warn","pass","lib18_146"
"376","189","lib18",5055760,354902,2190,5832846,1823167,16332281,4910333,48.9851995858926,7,1.2,23.9,0,0,"directional",2545504,2508066,305405196,10320995,77041770,152388882,51986250,"189_trimmed_filt_merged.1.fq.gz","Conventional base calls","Sanger / Illumina 1.9",10320995,0,"20-141",33,27.4782331800828,105.493723812481,137,"pass","pass","pass","pass","fail","pass","pass","warn","fail","warn","pass","lib18_189"
"377","226","lib18",8670537,571395,3736,10010184,3120831,32166071,7958161,50.409826272451,6.6,1.1,28.2,0,0,"directional",4358002,4308799,552766657,17200093,141027558,284651214,81790799,"226_trimmed_filt_merged.1.fq.gz","Conventional base calls","Sanger / Illumina 1.9",17200093,0,"20-141",33,23.0839780377978,112.934667853249,137,"pass","pass","pass","pass","fail","pass","pass","warn","fail","warn","pass","lib18_226"
"378","230","lib18",3822916,286737,1438,4386105,1377432,13030173,3166438,52.5407942259106,7,1.1,28.4,0,0,"directional",1924042,1897436,230885378,7276091,58574814,120589238,32927616,"230_trimmed_filt_merged.1.fq.gz","Conventional base calls","Sanger / Illumina 1.9",7276091,0,"20-141",32,28.9743573944259,108.911448880999,137,"pass","pass","pass","pass","fail","pass","pass","warn","fail","warn","pass","lib18_230"
"379","248","lib18",4251219,316766,1836,4958988,1533556,14998710,3822779,50.6654578772565,7.1,1.2,27,0,0,"directional",2128909,2120474,256563056,8390764,64943534,129615820,40512448,"248_trimmed_filt_merged.1.fq.gz","Conventional base calls","Sanger / Illumina 1.9",8390764,0,"20-141",33,28.3721707856999,107.03596120687,137,"pass","pass","pass","pass","fail","pass","pass","warn","fail","warn","pass","lib18_248"
"380","27","lib18",1497615,101972,518,1717382,479003,6400334,1326717,51.1776971907225,6.6,1,32.8,0,0,"directional",749618,747479,95156624,2926304,24433156,49038252,13088497,"27_trimmed_filt_merged.1.fq.gz","Conventional base calls","Sanger / Illumina 1.9",2926304,0,"20-141",33,37.2209917458661,111.734957475368,137,"pass","pass","pass","pass","fail","pass","pass","warn","fail","warn","pass","lib18_27"
"381","382","lib18",7666024,464476,3156,8873595,2750755,28136790,6608175,52.0129794571086,6.4,1,27.5,0,0,"directional",3848208,3814660,506108536,14738675,128937282,263085829,74324285,"382_trimmed_filt_merged.1.fq.gz","Conventional base calls","Sanger / Illumina 1.9",14738675,0,"20-141",33,22.2517391124409,118.198550751679,137,"pass","pass","pass","pass","fail","pass","pass","warn","fail","warn","pass","lib18_382"
"382","383","lib18",6992399,518966,2934,7927016,2209571,22763730,5979912,51.8290373846746,6.9,1,25.8,0,0,"directional",3509346,3480119,424501515,13491277,107516773,218596140,65488285,"383_trimmed_filt_merged.1.fq.gz","Conventional base calls","Sanger / Illumina 1.9",13491277,0,"20-141",33,24.4449706610176,108.659664833803,137,"pass","pass","pass","pass","fail","pass","pass","warn","fail","warn","pass","lib18_383"
"383","386","lib18",5394085,399613,2366,6181496,1888673,20382518,4909450,50.3971822121865,6.6,1.1,28.8,0,0,"directional",2713287,2678432,342609684,10703148,87321973,176518191,50316833,"386_trimmed_filt_merged.1.fq.gz","Conventional base calls","Sanger / Illumina 1.9",10703148,0,"20-141",33,25.1975609409668,112.576021839556,137,"pass","pass","pass","pass","fail","pass","pass","warn","fail","warn","pass","lib18_386"
"384","387","lib18",1572184,120056,529,1817311,586096,6090717,1292679,52.6709099978927,6.7,1.1,34,0,0,"directional",790300,781355,99482215,2984919,25316825,53862330,11808936,"387_trimmed_filt_merged.1.fq.gz","Conventional base calls","Sanger / Illumina 1.9",2984919,0,"20-141",32,34.3146378863627,116.989390666882,137,"pass","pass","pass","pass","fail","warn","pass","warn","fail","fail","pass","lib18_387"
"385","38","lib18",4101294,233167,1443,4739041,1329834,16226529,3330199,53.5091445674042,6.7,1,29.1,0,0,"directional",2050873,2048978,259775259,7664660,66264543,131685314,39529998,"38_trimmed_filt_merged.1.fq.gz","Conventional base calls","Sanger / Illumina 1.9",7664660,0,"20-141",33,28.1795032786427,112.069185978243,137,"pass","pass","pass","pass","fail","warn","pass","warn","fail","warn","pass","lib18_38"
"386","397","lib18",7126302,522258,3066,8117198,2225219,26730644,6357890,50.8787165912847,6.8,1,28.1,0,0,"directional",3570887,3552349,435899456,14006450,111228072,219190305,68408018,"397_trimmed_filt_merged.1.fq.gz","Conventional base calls","Sanger / Illumina 1.9",14006450,0,"20-141",33,25.4355970567081,107.489226035148,137,"pass","pass","pass","pass","fail","pass","pass","warn","fail","warn","pass","lib18_397"
"387","398","lib18",2069136,181653,718,2355217,715841,7487374,1805140,51.0150941991342,6.9,1.1,29.7,0,0,"directional",1042860,1025558,125501737,4055929,31566934,65647536,17728835,"398_trimmed_filt_merged.1.fq.gz","Conventional base calls","Sanger / Illumina 1.9",4055929,0,"20-141",32,33.7478630378361,110.530434827631,137,"pass","pass","pass","pass","fail","pass","pass","warn","fail","fail","pass","lib18_398"
"388","399","lib18",4247480,315713,1354,4853046,1586304,16111752,3641541,51.7686496600621,6.6,1.1,31.4,0,0,"directional",2145659,2100467,271618232,8204734,68918905,144967441,35180784,"399_trimmed_filt_merged.1.fq.gz","Conventional base calls","Sanger / Illumina 1.9",8204734,0,"20-141",32,25.6753663169413,116.219229898251,137,"pass","pass","pass","pass","fail","warn","pass","warn","fail","fail","pass","lib18_399"
"389","39","lib18",5096450,287221,1835,5857975,1614365,19253844,4055787,53.9909176988764,6.9,1,29.3,0,0,"directional",2553110,2541505,308633690,9439458,78691804,156685947,46529755,"39_trimmed_filt_merged.1.fq.gz","Conventional base calls","Sanger / Illumina 1.9",9439458,0,"20-141",33,28.2333712077514,107.036691407494,137,"pass","pass","pass","pass","fail","pass","pass","warn","fail","warn","pass","lib18_39"
"390","424","lib18",4005403,291566,1919,4515539,1156486,15085405,3949075,48.5736311860572,6.8,0.9,27.4,0,0,"directional",2006396,1997088,243956715,8246044,62190233,121012281,39996771,"424_trimmed_filt_merged.1.fq.gz","Conventional base calls","Sanger / Illumina 1.9",8246044,0,"20-141",34,28.1957643977076,106.012022249699,137,"pass","pass","pass","pass","fail","warn","pass","warn","fail","warn","pass","lib18_424"
"391","425","lib18",2635258,184717,1088,3019236,866312,9621899,2321822,51.2516927447739,6.7,1,28.3,0,0,"directional",1319939,1314231,164347633,5141797,41787936,84717997,24334253,"425_trimmed_filt_merged.1.fq.gz","Conventional base calls","Sanger / Illumina 1.9",5141797,0,"20-141",33,30.8845094101299,112.141241087503,137,"pass","pass","pass","pass","fail","pass","pass","warn","fail","warn","pass","lib18_425"
"392","426","lib18",2312523,133898,910,2635347,717682,8533861,2057336,51.3465313514917,6.5,0.9,26.6,0,0,"directional",1158477,1153136,150018115,4503757,38093533,76516879,23520813,"426_trimmed_filt_merged.1.fq.gz","Conventional base calls","Sanger / Illumina 1.9",4503757,0,"20-141",33,30.0406688981497,115.460004391889,137,"pass","pass","pass","pass","fail","pass","pass","warn","fail","warn","pass","lib18_426"
"393","427","lib18",2822527,192981,1111,3209508,854694,10144969,2442159,51.7167317097214,6.8,0.9,27.6,0,0,"directional",1411466,1409950,174787409,5457667,44190142,89813028,26575068,"427_trimmed_filt_merged.1.fq.gz","Conventional base calls","Sanger / Illumina 1.9",5457667,0,"20-141",33,29.4596227150256,111.814405312746,137,"pass","pass","pass","pass","fail","pass","pass","warn","fail","warn","pass","lib18_427"
"394","434","lib18",2860881,194395,1118,3260191,904310,10444347,2667818,49.9883629379493,6.8,1,28.2,0,0,"directional",1433484,1426279,177272258,5723094,44683636,91374592,26605182,"434_trimmed_filt_merged.1.fq.gz","Conventional base calls","Sanger / Illumina 1.9",5723094,0,"20-141",33,29.1722208303112,111.257140980036,137,"pass","pass","pass","pass","fail","pass","pass","warn","fail","warn","pass","lib18_434"
"395","435","lib18",2180979,140040,734,2473079,679865,8369763,1948587,51.0815049444843,6.5,0.9,29.6,0,0,"directional",1093423,1086822,139158417,4269606,35284044,72435919,19915747,"435_trimmed_filt_merged.1.fq.gz","Conventional base calls","Sanger / Illumina 1.9",4269606,0,"20-141",33,30.573834942014,115.212050011172,137,"pass","pass","pass","pass","fail","pass","pass","warn","fail","warn","pass","lib18_435"
"396","90","lib18",1894559,142033,701,2165526,564008,7606299,1453590,54.282527386824,7.3,1,32.9,0,0,"directional",946523,947335,108869159,3490182,27677129,55334799,15521398,"90_trimmed_filt_merged.1.fq.gz","Conventional base calls","Sanger / Illumina 1.9",3490182,0,"20-141",34,38.5949713236523,102.501772686926,137,"pass","pass","pass","pass","fail","pass","pass","warn","fail","warn","pass","lib18_90"
"397","249","lib19",2266867,148017,861,2630892,782485,8432299,2192004,49.2060366998286,6.8,1.1,26.6,0,0,"directional",1137691,1128315,142564954,4606888,36282495,71123125,23313658,"249_trimmed_filt_merged.1.fq.gz","Conventional base calls","Sanger / Illumina 1.9",4606888,0,"20-141",34,33.1222467285387,111.02599346891,137,"pass","pass","pass","pass","fail","pass","pass","warn","fail","warn","pass","lib19_249"
"398","287","lib19",5996560,364846,2680,6973104,2240532,22268535,5627429,50.0178707939512,6.5,1.1,26.9,0,0,"directional",3013806,2980074,391460564,11988835,100213654,199134817,60629922,"287_trimmed_filt_merged.1.fq.gz","Conventional base calls","Sanger / Illumina 1.9",11988835,0,"20-141",33,24.9555307971964,116.147917791846,137,"pass","pass","pass","pass","fail","pass","pass","warn","fail","warn","pass","lib19_287"
"399","315","lib19",2295415,146302,984,2694891,829692,9150581,2108629,50.4448452930832,6.7,1.1,28.6,0,0,"directional",1147422,1147009,145788347,4550346,37614534,72653776,22844873,"315_trimmed_filt_merged.1.fq.gz","Conventional base calls","Sanger / Illumina 1.9",4550346,0,"20-141",34,32.6574257972276,113.90828499635,137,"pass","pass","pass","pass","fail","pass","pass","warn","fail","warn","pass","lib19_315"
"400","328","lib19",2898591,205641,1244,3407239,1050804,11243515,2787381,49.1985980749245,6.9,1.2,27.7,0,0,"directional",1452173,1445174,179414037,5891613,46131291,88167071,29414117,"328_trimmed_filt_merged.1.fq.gz","Conventional base calls","Sanger / Illumina 1.9",5891613,0,"20-141",34,31.1627906920011,110.060444228092,137,"pass","pass","pass","pass","fail","warn","pass","warn","fail","warn","pass","lib19_328"
"401","356","lib19",1425269,110074,543,1689910,573315,5283784,1287501,50.4905336603794,7.1,1.3,28.1,0,0,"directional",716414,708312,86804565,2822844,22146574,43592966,13518016,"356_trimmed_filt_merged.1.fq.gz","Conventional base calls","Sanger / Illumina 1.9",2822844,0,"20-141",33,36.8984959992666,111.103747851458,137,"pass","pass","pass","pass","fail","warn","pass","warn","fail","fail","pass","lib19_356"
"402","357","lib19",2664975,179750,1069,3111184,1014147,9033554,2438022,50.4467656694519,6.7,1.2,24.2,0,0,"directional",1340767,1323139,167998697,5282747,43074147,83481544,28284121,"357_trimmed_filt_merged.1.fq.gz","Conventional base calls","Sanger / Illumina 1.9",5282747,0,"20-141",33,29.8278620588823,113.193298486564,137,"pass","pass","pass","pass","fail","pass","pass","warn","fail","fail","pass","lib19_357"
"403","358","lib19",2215972,145391,875,2597050,853488,7752350,1920269,51.7553119931839,6.6,1.2,26.6,0,0,"directional",1113496,1101601,141893057,4281632,36722684,72520919,21446566,"358_trimmed_filt_merged.1.fq.gz","Conventional base calls","Sanger / Illumina 1.9",4281632,0,"20-141",33,31.3187957495305,116.584868106367,137,"pass","pass","pass","pass","fail","warn","pass","warn","fail","warn","pass","lib19_358"
"404","362","lib19",2569428,205591,1308,2983360,977683,9469159,2483028,48.8665848745742,6.8,1.2,26.5,0,0,"directional",1295607,1272513,158471133,5258047,40633990,78115890,26291051,"362_trimmed_filt_merged.1.fq.gz","Conventional base calls","Sanger / Illumina 1.9",5258047,0,"20-141",34,31.4493924103485,109.501253221966,137,"pass","pass","pass","pass","fail","pass","pass","warn","fail","fail","pass","lib19_362"
"405","363","lib19",1782636,139250,881,2128791,762096,6615251,1772508,48.2524603493834,7,1.4,26,0,0,"directional",895735,886020,110364566,3694394,28285254,53738805,18834369,"363_trimmed_filt_merged.1.fq.gz","Conventional base calls","Sanger / Illumina 1.9",3694394,0,"20-141",34,35.0364795142241,109.400246698105,137,"pass","pass","pass","pass","fail","pass","pass","warn","fail","fail","pass","lib19_363"
"406","364","lib19",1288516,91986,493,1532304,526243,4830922,1127847,51.3690877944018,6.8,1.3,28.5,0,0,"directional",647007,641016,81124466,2508349,20896645,41229722,12108630,"364_trimmed_filt_merged.1.fq.gz","Conventional base calls","Sanger / Illumina 1.9",2508349,0,"20-141",33,36.9795140033419,115.240816170318,137,"pass","pass","pass","pass","fail","pass","pass","warn","fail","fail","pass","lib19_364"
"407","384","lib19",4730747,264820,2236,5380337,1475815,18611852,4294503,50.9226195281629,6.1,0.9,27.9,0,0,"directional",2366737,2361774,320447983,9290070,82460804,164351655,48167520,"384_trimmed_filt_merged.1.fq.gz","Conventional base calls","Sanger / Illumina 1.9",9290070,0,"20-141",33,24.5987409140007,121.000986321955,137,"pass","pass","pass","pass","fail","pass","pass","warn","fail","warn","pass","lib19_384"
"408","385","lib19",2267038,140472,1044,2591724,690217,9014669,2067287,50.6623652424903,6.3,0.9,28.6,0,0,"directional",1133488,1132506,148444129,4474797,38251102,75398118,22498299,"385_trimmed_filt_merged.1.fq.gz","Conventional base calls","Sanger / Illumina 1.9",4474797,0,"20-141",33,34.0669388628671,116.958868301735,137,"pass","pass","pass","pass","fail","pass","pass","warn","fail","warn","pass","lib19_385"
"409","388","lib19",1759196,95156,721,2020502,566184,7029919,1584122,51.162114356543,6.2,0.9,28.1,0,0,"directional",879690,878785,120118558,3438474,30821054,61669787,18011112,"388_trimmed_filt_merged.1.fq.gz","Conventional base calls","Sanger / Illumina 1.9",3438474,0,"20-141",33,31.6903545423646,122.385530616198,137,"pass","pass","pass","pass","fail","pass","pass","warn","fail","warn","pass","lib19_388"
"410","396","lib19",1897352,106773,904,2179736,599582,7219438,1773563,50.2252171169244,6.4,0.9,26.5,0,0,"directional",950942,945506,125080796,3777688,31934933,63167814,19979293,"396_trimmed_filt_merged.1.fq.gz","Conventional base calls","Sanger / Illumina 1.9",3777688,0,"20-141",33,33.0085765773089,117.796801906351,137,"pass","pass","pass","pass","fail","pass","pass","warn","fail","warn","pass","lib19_396"
"411","411","lib19",3667523,198518,1394,4183735,1111678,13857171,3106131,52.6023024102102,6.3,0.9,27.4,0,0,"directional",1836421,1829708,243174378,6972172,62451576,124929595,36640623,"411_trimmed_filt_merged.1.fq.gz","Conventional base calls","Sanger / Illumina 1.9",6972172,0,"20-141",33,26.926066253705,119.417082223445,137,"pass","pass","pass","pass","fail","pass","pass","warn","fail","warn","pass","lib19_411"
"412","415","lib19",1705544,98930,759,1947122,526411,6760704,1583308,50.3439713653358,6.3,0.9,27.9,0,0,"directional",854864,849921,112722303,3387782,28812789,57189139,17486138,"415_trimmed_filt_merged.1.fq.gz","Conventional base calls","Sanger / Illumina 1.9",3387782,0,"20-141",33,33.4999353465189,117.974314167795,137,"pass","pass","pass","pass","fail","pass","pass","warn","fail","warn","pass","lib19_415"
"413","439","lib19",6326236,426427,3045,7259487,2167674,26020443,6101587,49.2151311822938,6.4,1,29.8,0,0,"directional",3177733,3145458,414545491,12854250,106596453,211167311,61334123,"439_trimmed_filt_merged.1.fq.gz","Conventional base calls","Sanger / Illumina 1.9",12854250,0,"20-141",33,24.4954105628191,115.868313048214,137,"pass","pass","pass","pass","fail","pass","pass","warn","fail","warn","pass","lib19_439"
"414","440","lib19",7017252,487765,2656,8017705,2342064,23698881,6195215,51.21995014391,6.8,1,26.4,0,0,"directional",3520468,3494128,433485679,13700232,110326536,223179707,65920786,"440_trimmed_filt_merged.1.fq.gz","Conventional base calls","Sanger / Illumina 1.9",13700232,0,"20-141",32,24.5328713155038,111.720242912675,137,"pass","pass","pass","pass","fail","pass","pass","warn","fail","warn","pass","lib19_440"
"415","441","lib19",5854936,391383,2268,6842869,2350035,21114988,5141079,51.4159248671207,6.7,1.2,28.8,0,0,"directional",2945760,2906908,370399470,11387398,94642515,193323445,52125618,"441_trimmed_filt_merged.1.fq.gz","Conventional base calls","Sanger / Illumina 1.9",11387398,0,"20-141",32,25.3130541141393,115.183334068064,137,"pass","pass","pass","pass","fail","warn","pass","warn","fail","warn","pass","lib19_441"
"416","442","lib19",6477428,459570,2714,7417919,2065811,23144207,5857142,50.6280844198985,6.8,1,27.2,0,0,"directional",3241184,3233530,398966956,12794140,101639129,202907643,61792247,"442_trimmed_filt_merged.1.fq.gz","Conventional base calls","Sanger / Illumina 1.9",12794140,0,"20-141",33,25.9072559362301,110.39630448002,137,"pass","pass","pass","pass","fail","pass","pass","warn","fail","warn","pass","lib19_442"
"417","458","lib19",3715763,306878,1797,4247114,1192566,14499903,3807688,47.4534722615103,7,1.1,28.7,0,0,"directional",1864057,1849909,222002174,7830329,56688809,109392670,35981112,"458_trimmed_filt_merged.1.fq.gz","Conventional base calls","Sanger / Illumina 1.9",7830329,0,"20-141",34,30.8540346547283,104.62869465638,137,"pass","pass","pass","pass","fail","pass","pass","warn","fail","warn","pass","lib19_458"
"418","459","lib19",3610837,286920,1787,4135589,1127167,14286868,3747943,47.2270295721778,6.9,1,29.5,0,0,"directional",1810714,1798336,217219682,7645700,55579512,107922746,34167800,"459_trimmed_filt_merged.1.fq.gz","Conventional base calls","Sanger / Illumina 1.9",7645700,0,"20-141",34,33.4725819112675,106.044472448566,137,"pass","pass","pass","pass","fail","pass","pass","warn","fail","warn","pass","lib19_459"
"419","119","lib20",5903562,363098,2341,6747681,1865840,20206005,6014443,48.0702914062361,6.9,1.1,23.5,0,0,"directional",2968204,2933017,359529612,12281103,91350568,173738148,65621370,"119_trimmed_filt_merged.1.fq.gz","Conventional base calls","Sanger / Illumina 1.9",12281103,0,"20-141",34,44.9658435104399,106.739593503939,137,"pass","pass","pass","pass","fail","pass","pass","warn","fail","fail","pass","lib20_119"
"420","121","lib20",6162537,379464,2929,7105576,2093246,20296720,6590429,46.9260982164002,6.8,1.1,22.8,0,0,"directional",3099876,3059732,380521402,13132430,96765467,185427585,68832808,"121_trimmed_filt_merged.1.fq.gz","Conventional base calls","Sanger / Illumina 1.9",13132430,0,"20-141",34,44.1225624164764,107.93193186638,137,"pass","pass","pass","pass","fail","pass","pass","warn","fail","warn","pass","lib20_121"
"421","135","lib20",715520,72432,305,810234,218872,2877361,767729,45.9940051977237,7.4,1.1,31.4,0,0,"directional",361074,354141,39853343,1555681,10086999,19562416,6297461,"135_trimmed_filt_merged.1.fq.gz","Conventional base calls","Sanger / Illumina 1.9",1555681,0,"20-141",34,55.1554113619756,99.658505181975,117,"pass","pass","warn","pass","fail","pass","pass","warn","warn","fail","pass","lib20_135"
"422","136","lib20",5378176,370827,2267,6223209,1803584,19230035,5272927,48.7952291477083,6.7,1.1,25.7,0,0,"directional",2693199,2682710,336988121,11021930,85984666,168290180,55456447,"136_trimmed_filt_merged.1.fq.gz","Conventional base calls","Sanger / Illumina 1.9",11021930,0,"20-141",33,44.5702039809845,111.551353528828,137,"pass","pass","pass","pass","fail","pass","pass","warn","fail","warn","pass","lib20_136"
"423","175","lib20",2537261,186620,1097,2981195,965165,10268318,2836179,45.6336981975015,6.9,1.2,28.8,0,0,"directional",1274876,1261288,157987915,5560060,40386641,77990514,25396082,"175_trimmed_filt_merged.1.fq.gz","Conventional base calls","Sanger / Illumina 1.9",5560060,0,"20-141",34,53.453556881304,110.657235893138,137,"pass","pass","pass","pass","fail","pass","pass","warn","warn","fail","pass","lib20_175"
"424","176","lib20",2225175,140121,797,2588224,797251,7862228,2091663,49.9258575185457,6.9,1.1,26,0,0,"directional",1116127,1108251,138517731,4456959,34989014,69919060,22361954,"176_trimmed_filt_merged.1.fq.gz","Conventional base calls","Sanger / Illumina 1.9",4456959,0,"20-141",33,45.4663209545516,112.010400140544,137,"pass","pass","pass","pass","fail","pass","pass","warn","fail","fail","pass","lib20_176"
"425","191","lib20",3552946,279930,1696,4083635,1322168,13621868,4141864,44.5524995172256,6.7,1.2,26.4,0,0,"directional",1799177,1752073,224357120,7974740,56880138,110478311,37971000,"191_trimmed_filt_merged.1.fq.gz","Conventional base calls","Sanger / Illumina 1.9",7974740,0,"20-141",34,44.4753392169649,111.13624582118,137,"pass","pass","pass","pass","fail","pass","pass","warn","fail","fail","pass","lib20_191"
"426","263","lib20",1478664,89255,584,1724851,492695,5692500,1412410,49.6141197834199,6.9,1.1,27.7,0,0,"directional",738543,739537,89534500,2980329,23133321,43623218,14867915,"263_trimmed_filt_merged.1.fq.gz","Conventional base calls","Sanger / Illumina 1.9",2980329,0,"20-141",34,49.0173141940909,107.803611614691,137,"pass","pass","pass","pass","fail","pass","pass","warn","fail","warn","pass","lib20_263"
"427","416","lib20",2757708,175027,1169,3199692,872345,10590905,2727287,48.7225668027439,7,1.1,27.5,0,0,"directional",1381227,1375312,165078579,5660022,42688085,79810579,27916973,"416_trimmed_filt_merged.1.fq.gz","Conventional base calls","Sanger / Illumina 1.9",5660022,0,"20-141",35,50.1518701228716,105.204907154071,137,"pass","pass","pass","pass","fail","pass","pass","warn","warn","warn","pass","lib20_416"
"428","417","lib20",1453980,90632,575,1686580,471126,5403667,1300737,51.1002341013352,6.8,1,26.9,0,0,"directional",727977,725428,89820332,2845349,23168518,44427362,14663079,"417_trimmed_filt_merged.1.fq.gz","Conventional base calls","Sanger / Illumina 1.9",2845349,0,"20-141",34,46.6944398243584,110.949215017209,137,"pass","pass","pass","pass","fail","pass","pass","warn","fail","warn","pass","lib20_417"
"429","418","lib20",2075165,127141,1023,2412645,716282,7615154,1921227,50.3249276773097,6.6,1.1,26.3,0,0,"directional",1038748,1035394,131248317,4123533,34154081,65046538,21303617,"418_trimmed_filt_merged.1.fq.gz","Conventional base calls","Sanger / Illumina 1.9",4123533,0,"20-141",34,45.6378925532088,112.791377200085,137,"pass","pass","pass","pass","fail","pass","pass","warn","fail","warn","pass","lib20_418"
"430","423","lib20",2519865,151262,1281,2920721,835244,8669972,2298712,50.7031515507846,6.7,1.1,24.8,0,0,"directional",1262678,1255906,157041716,4969839,40766462,77580070,26269247,"423_trimmed_filt_merged.1.fq.gz","Conventional base calls","Sanger / Illumina 1.9",4969839,0,"20-141",34,46.2255460576449,111.001087359168,137,"pass","pass","pass","pass","fail","pass","pass","warn","fail","warn","pass","lib20_423"
"431","428","lib20",1371131,95587,660,1592394,489772,5430284,1334641,48.9452083792188,6.6,1.1,28.8,0,0,"directional",689886,680585,86156099,2801359,22424960,42770577,13448112,"428_trimmed_filt_merged.1.fq.gz","Conventional base calls","Sanger / Illumina 1.9",2801359,0,"20-141",34,47.5988627409257,112.110176882006,137,"pass","pass","pass","pass","fail","pass","pass","warn","fail","fail","pass","lib20_428"
"432","429","lib20",2577794,163875,1229,2990186,833164,9820256,2354576,50.5822227934489,6.7,1.1,27.3,0,0,"directional",1290061,1286504,159673114,5096245,41413764,78484303,26131441,"429_trimmed_filt_merged.1.fq.gz","Conventional base calls","Sanger / Illumina 1.9",5096245,0,"20-141",34,46.7448440348535,110.17162656034,137,"pass","pass","pass","pass","fail","pass","pass","warn","fail","warn","pass","lib20_429"
"433","430","lib20",2736599,163099,1264,3178151,925970,9762907,2530077,50.3998600310326,6.5,1.1,25.1,0,0,"directional",1370989,1364346,174692904,5429775,45344111,86405966,29075799,"430_trimmed_filt_merged.1.fq.gz","Conventional base calls","Sanger / Illumina 1.9",5429775,0,"20-141",34,46.9254684826344,113.769462638875,137,"pass","pass","pass","pass","fail","pass","pass","warn","fail","warn","pass","lib20_430"
"434","436","lib20",2742677,211590,1249,3143570,889583,10290439,2879528,47.013599209434,6.9,1.1,26.1,0,0,"directional",1376618,1364810,167896696,5833795,42677515,81708622,29186967,"436_trimmed_filt_merged.1.fq.gz","Conventional base calls","Sanger / Illumina 1.9",5833795,0,"20-141",34,47.2735799201893,107.159098837035,137,"pass","pass","pass","pass","fail","pass","pass","warn","fail","warn","pass","lib20_436"
"435","437","lib20",3555521,258614,1340,4115552,1232051,12868630,3386832,49.3756046930919,6.9,1.1,28.5,0,0,"directional",1781229,1772952,218270702,7200967,55593312,112214329,32246828,"437_trimmed_filt_merged.1.fq.gz","Conventional base calls","Sanger / Illumina 1.9",7200967,0,"20-141",32,51.3575431855422,111.829336809903,137,"pass","pass","pass","pass","fail","pass","pass","warn","warn","warn","pass","lib20_437"
"436","438","lib20",1686453,99248,531,1958389,586921,6125285,1537170,50.7528880898476,6.8,1.1,27.4,0,0,"directional",845132,840790,106026076,3322871,26921236,54230134,16204111,"438_trimmed_filt_merged.1.fq.gz","Conventional base calls","Sanger / Illumina 1.9",3322871,0,"20-141",33,46.1676110455972,113.396876375881,137,"pass","pass","pass","pass","fail","pass","pass","warn","fail","warn","pass","lib20_438"
"437","443","lib20",2725395,188876,949,3186225,1003895,9799157,2492760,50.4046490578656,7,1.1,28.7,0,0,"directional",1365298,1359148,167909111,5407031,42565927,87051320,24302587,"443_trimmed_filt_merged.1.fq.gz","Conventional base calls","Sanger / Illumina 1.9",5407031,0,"20-141",32,48.1864850338526,112.954473536401,137,"pass","pass","pass","pass","fail","pass","pass","warn","fail","warn","pass","lib20_443"
"438","70","lib20",1709422,122741,691,1981004,643990,7755050,1703453,48.348632883209,6.4,1.1,34.9,0,0,"directional",860291,848440,113213419,3535616,28934684,59411962,14486729,"70_trimmed_filt_merged.1.fq.gz","Conventional base calls","Sanger / Illumina 1.9",3535616,0,"20-141",33,41.618544878654,120.224532867823,137,"pass","pass","pass","pass","fail","warn","pass","warn","fail","fail","pass","lib20_70"
"439","71","lib20",4963515,332318,1743,5732844,1719965,17237177,4289720,51.7812065720152,6.9,1.1,28.6,0,0,"directional",2488809,2472963,299236381,9585553,77094300,154437429,43014666,"71_trimmed_filt_merged.1.fq.gz","Conventional base calls","Sanger / Illumina 1.9",9585553,0,"20-141",33,45.2243210390917,109.389529952002,137,"pass","pass","pass","pass","fail","pass","pass","warn","fail","warn","pass","lib20_71"
"440","7","lib20",6527930,368416,2165,7540480,2206876,22805699,5125218,54.3018362668951,6.4,1,26,0,0,"directional",3266797,3258968,425914137,12021564,109538088,218884095,64938899,"7_trimmed_filt_merged.1.fq.gz","Conventional base calls","Sanger / Illumina 1.9",12021564,0,"20-141",32,41.8774897285047,118.554210250846,137,"pass","pass","pass","pass","fail","warn","pass","warn","fail","warn","pass","lib20_7"
"441","111","lib99",5594400,473174,2589,6306167,1728449,20243610,5715916,47.4765964922107,6.9,1,28.1,0,0,"directional",2812861,2778950,333053888,11783490,84927304,168037619,51810739,"111_trimmed_filt_merged.1.fq.gz","Conventional base calls","Sanger / Illumina 1.9",11783490,0,"20-141",33,26.8819888495198,106.45637837347,137,"pass","pass","pass","pass","fail","pass","pass","warn","fail","warn","pass","lib99_111"
"442","112","lib99",4869962,386847,2266,5801169,2183789,22205390,5668490,44.5750912629485,6.6,1.3,33.7,0,0,"directional",2459592,2408104,322692881,10925299,82234228,166500439,43767866,"112_trimmed_filt_merged.1.fq.gz","Conventional base calls","Sanger / Illumina 1.9",10925299,0,"20-141",33,29.3019256601069,119.937042272253,137,"pass","pass","pass","pass","fail","warn","pass","warn","fail","fail","pass","lib99_112"
"443","13","lib99",5023304,355825,2581,5810936,1651362,18674069,4779477,49.4487531064794,6.8,1.1,26.8,0,0,"directional",2511795,2508928,307415636,10158606,79062121,151286009,50931139,"13_trimmed_filt_merged.1.fq.gz","Conventional base calls","Sanger / Illumina 1.9",10158606,0,"20-141",34,29.4711871992949,107.781256503107,137,"pass","pass","pass","pass","fail","pass","pass","warn","fail","warn","pass","lib99_13"
"444","15","lib99",7315274,529575,3203,8534878,2742826,30353994,6798330,49.9568707041005,6.5,1.1,31.1,0,0,"directional",3664034,3648037,478985719,14643179,122525915,247498445,67329661,"15_trimmed_filt_merged.1.fq.gz","Conventional base calls","Sanger / Illumina 1.9",14643179,0,"20-141",33,23.9708354441004,118.296624182495,137,"pass","pass","pass","pass","fail","pass","pass","warn","fail","warn","pass","lib99_15"
"445","184","lib99",6199178,453182,2971,7246001,2538841,28845866,6829129,45.9828880919608,6.2,1.1,32.6,0,0,"directional",3125009,3071198,425595510,13481489,108814725,218406558,59743519,"184_trimmed_filt_merged.1.fq.gz","Conventional base calls","Sanger / Illumina 1.9",13481489,0,"20-141",33,23.5288701067791,121.801542767271,137,"pass","pass","pass","pass","fail","warn","pass","warn","fail","fail","pass","lib99_184"
"446","18","lib99",3482506,257136,1309,4086924,1336142,14965544,2968881,51.91166520559,6.5,1.1,34,0,0,"directional",1742355,1738842,229038580,6708523,58659475,120962219,29028276,"18_trimmed_filt_merged.1.fq.gz","Conventional base calls","Sanger / Illumina 1.9",6708523,0,"20-141",32,28.0439252627227,120.716870017439,137,"pass","pass","pass","pass","fail","warn","pass","warn","fail","warn","pass","lib99_18"
"447","1","lib99",4712966,431194,2018,5288709,1390873,15310488,4923566,46.8126168709796,7.4,1.1,25.5,0,0,"directional",2370782,2340166,260270297,10067726,66243729,127373257,44663241,"1_trimmed_filt_merged.1.fq.gz","Conventional base calls","Sanger / Illumina 1.9",10067726,0,"20-141",34,30.7731068766592,97.0840641670224,117,"pass","pass","pass","pass","fail","pass","pass","warn","fail","warn","pass","lib99_1"
"448","22","lib99",1509072,121682,515,1695792,429892,6101465,1357383,50.502102145919,6.7,0.9,31.3,0,0,"directional",757132,751425,92506858,2988137,23718094,47181578,13380037,"22_trimmed_filt_merged.1.fq.gz","Conventional base calls","Sanger / Illumina 1.9",2988137,0,"20-141",33,35.5582990999831,110.214800727008,137,"pass","pass","pass","pass","fail","pass","pass","warn","fail","warn","pass","lib99_22"
"449","250","lib99",3536347,361405,1460,3993446,1176869,12270232,3562755,47.400893799845,7.6,1.2,29,0,0,"directional",1785138,1749749,189697401,7460507,48273104,93882282,30101468,"250_trimmed_filt_merged.1.fq.gz","Conventional base calls","Sanger / Illumina 1.9",7460507,0,"20-141",34,33.7054875819456,95.4955990256426,112,"pass","pass","pass","pass","fail","pass","pass","warn","fail","fail","pass","lib99_250"
"450","253","lib99",877994,65034,239,1020467,334764,3763287,706744,53.2191114893452,6.8,1.1,38,0,0,"directional",442786,434969,54654770,1649772,13941563,29450748,6143941,"253_trimmed_filt_merged.1.fq.gz","Conventional base calls","Sanger / Illumina 1.9",1649772,0,"20-141",32,41.3018486067244,116.703734819114,137,"pass","pass","pass","pass","fail","warn","pass","warn","fail","fail","pass","lib99_253"
"451","25","lib99",4208414,272655,1384,4913433,1546706,17349807,3738271,51.2013616665085,6.7,1.1,32.3,0,0,"directional",2109844,2097186,269139720,8219340,68912516,140055318,36361940,"25_trimmed_filt_merged.1.fq.gz","Conventional base calls","Sanger / Illumina 1.9",8219340,0,"20-141",32,28.5799009343111,116.30425922276,137,"pass","pass","pass","pass","fail","pass","pass","warn","fail","warn","pass","lib99_25"
"452","2","lib99",2492077,170540,1122,2905778,886834,10158771,2518493,48.0992876043937,6.7,1.1,29.3,0,0,"directional",1245331,1245624,158351035,5181110,40378899,79494986,24525767,"2_trimmed_filt_merged.1.fq.gz","Conventional base calls","Sanger / Illumina 1.9",5181110,0,"20-141",34,32.2011270559457,113.283187193478,137,"pass","pass","pass","pass","fail","warn","pass","warn","fail","warn","pass","lib99_2"
"453","31","lib99",4138195,281098,1607,4768920,1577179,15814755,3518409,52.1334134236836,6.7,1.1,31.1,0,0,"directional",2089875,2046713,259661678,7937702,66213297,136177756,35109771,"31_trimmed_filt_merged.1.fq.gz","Conventional base calls","Sanger / Illumina 1.9",7937702,0,"20-141",32,28.1730441849229,114.300048175152,137,"pass","pass","pass","pass","fail","pass","pass","warn","fail","fail","pass","lib99_31"
"454","32","lib99",4335261,404793,1716,4808245,1129423,15183780,3766646,50.9628998318972,7.3,0.9,29.3,0,0,"directional",2175066,2158479,236757981,8506700,60960643,118012678,36663212,"32_trimmed_filt_merged.1.fq.gz","Conventional base calls","Sanger / Illumina 1.9",8506700,0,"20-141",34,31.7361837573014,97.100190085462,117,"pass","pass","pass","pass","fail","pass","pass","warn","fail","warn","pass","lib99_32"
"455","42","lib99",6368386,471202,2562,7190036,1966779,26861963,5885958,50.0441081270698,6.4,0.9,32.6,0,0,"directional",3195067,3170757,411413094,12725546,106029518,213705686,55659112,"42_trimmed_filt_merged.1.fq.gz","Conventional base calls","Sanger / Illumina 1.9",12725546,0,"20-141",33,23.7472803295781,116.966616127905,137,"pass","pass","pass","pass","fail","warn","pass","warn","fail","fail","pass","lib99_42"
"456","44","lib99",3666950,277275,1367,4254321,1354572,14331185,3372815,50.1152105222877,6.8,1.1,32.2,0,0,"directional",1842853,1822730,230778342,7317040,58706291,121911961,30220012,"44_trimmed_filt_merged.1.fq.gz","Conventional base calls","Sanger / Illumina 1.9",7317040,0,"20-141",32,29.5817238804314,116.072558848933,137,"pass","pass","pass","pass","fail","warn","pass","warn","fail","warn","pass","lib99_44"
"457","55","lib99",4236459,383928,1559,4753157,1171612,16892693,3959330,49.3776076763371,7.1,1,32.9,0,0,"directional",2122974,2111926,241828547,8579717,62397619,122131294,34482172,"55_trimmed_filt_merged.1.fq.gz","Conventional base calls","Sanger / Illumina 1.9",8579717,0,"20-141",33,34.6773692838179,102.981494144853,137,"pass","pass","pass","pass","fail","pass","pass","warn","fail","warn","pass","lib99_55"
"458","56","lib99",3512211,243546,1092,4065008,1172306,13374689,2773329,53.7933027685652,7,1.1,30.1,0,0,"directional",1757503,1753616,212408688,6529086,54201202,108578539,31016944,"56_trimmed_filt_merged.1.fq.gz","Conventional base calls","Sanger / Illumina 1.9",6529086,0,"20-141",33,30.598004865295,109.751344675196,137,"pass","pass","pass","pass","fail","pass","pass","warn","fail","warn","pass","lib99_56"
"459","60","lib99",5607066,429060,1963,6351531,1783521,23357857,5229074,49.7733373575258,6.3,0.9,32.1,0,0,"directional",2817034,2788069,368635310,11265200,94762782,192908288,49471331,"60_trimmed_filt_merged.1.fq.gz","Conventional base calls","Sanger / Illumina 1.9",11265200,0,"20-141",32,23.6023366936117,119.911363491105,137,"pass","pass","pass","pass","fail","pass","pass","warn","fail","fail","pass","lib99_60"
"460","63","lib99",450743,45714,145,518281,151528,1897663,375359,51.701620525432,7.4,1.1,37.8,0,0,"directional",225975,224623,25361259,871816,6496916,13175168,3121703,"63_trimmed_filt_merged.1.fq.gz","Conventional base calls","Sanger / Illumina 1.9",871816,0,"20-141",33,58.1796582707875,101.926258522441,122,"pass","pass","warn","pass","fail","pass","pass","warn","warn","fail","pass","lib99_63"
"461","64","lib99",3237703,250655,1173,3736099,1141047,11822806,2576359,53.3858875855213,7,1.1,32.1,0,0,"directional",1625128,1611402,194574065,6064717,49954187,102965253,24954673,"64_trimmed_filt_merged.1.fq.gz","Conventional base calls","Sanger / Illumina 1.9",6064717,0,"20-141",32,31.5597416575323,110.110242242136,137,"pass","pass","pass","pass","fail","warn","pass","warn","fail","warn","pass","lib99_64"
"462","6","lib99",2438406,194740,886,2813769,809538,9238047,1938703,53.3352260759268,7.2,1.1,31.7,0,0,"directional",1220544,1216976,142831590,4571849,36480048,73552718,19937470,"6_trimmed_filt_merged.1.fq.gz","Conventional base calls","Sanger / Illumina 1.9",4571849,0,"20-141",33,35.3423917765455,107.192085084175,137,"pass","pass","pass","pass","fail","pass","pass","warn","fail","warn","pass","lib99_6"
